"","anon_id","base_form_count work","base_form_count help","base_form_count walk","endsWith_s help","endsWith_s work","endsWith_s walk","endsWith_ing work","endsWith_ing help","endsWith_ed work","endsWith_ed help","endsWith_ed walk","total_inflected_words work","total_inflected_words help","total_inflected_words walk","count_num_diff_infl work","count_num_diff_infl help","count_num_diff_infl walk","inflection_ratio work","inflection_ratio help","inflection_ratio walk"
"1","aa0",2,2,0,1,0,0,1,1,0,0,0,3,4,0,3,4,0,0.2,0.4,0
"2","aa1",14,15,0,0,0,0,0,0,0,0,0,14,15,0,8,7,0,0,0,0
"3","aa2",2,2,1,1,1,0,0,0,0,1,0,3,4,1,3,4,1,0.166666666666667,0.333333333333333,0
"4","aa3",4,0,0,0,1,0,1,0,1,0,0,7,0,0,5,0,0,0.666666666666667,0,0
"5","aa5",0,0,0,0,0,0,0,0,0,0,0,0,0,0,0,0,0,NA,NA,NA
"6","aa8",4,7,1,0,0,0,2,0,2,0,5,8,7,6,6,7,6,0.137254901960784,0,0.294117647058824
"7","aa9",6,3,2,2,0,0,0,1,0,0,1,6,6,3,5,5,3,0,0.181818181818182,0.0909090909090909
"8","ab1",0,2,1,0,0,0,0,0,0,0,0,0,2,1,0,2,1,0,0,0
"9","ab2",5,1,0,0,0,0,0,0,0,2,0,5,3,0,2,3,0,0,0.666666666666667,0
"10","ab6",2,8,0,0,0,0,0,0,1,0,0,3,8,0,2,6,0,0.166666666666667,0,0
"11","ab8",7,13,0,0,0,0,5,1,5,1,0,17,15,0,12,11,0,0.366233766233766,0.0909090909090909,0
"12","ac2",0,0,0,0,0,0,0,0,0,0,0,0,0,0,0,0,0,NA,NA,NA
"13","ac3",9,4,0,0,0,0,5,0,0,1,0,14,5,0,13,5,0,0.273809523809524,0.0714285714285714,0
"14","ac4",2,0,0,1,0,0,1,0,0,0,0,3,1,0,3,1,0,0.166666666666667,0.333333333333333,0
"15","ac5",3,9,0,0,0,0,2,2,0,1,0,5,12,0,5,10,0,0.153846153846154,0.153846153846154,0
"16","ac6",2,0,0,0,0,0,1,0,0,0,0,3,0,0,3,0,0,0.25,0,0
"17","ac7",6,1,1,0,0,1,6,0,0,0,0,12,1,2,6,1,2,0.311111111111111,0,0.2
"18","ac8",1,3,0,0,0,0,0,2,0,2,0,1,7,0,1,7,0,0,0.4,0
"19","ac9",0,0,0,0,0,0,0,0,0,0,0,0,0,0,0,0,0,NA,NA,NA
"20","ad1",1,0,0,1,0,0,0,0,0,0,0,1,1,0,1,1,0,0,0.5,0
"21","ad2",0,1,0,0,0,0,0,0,0,0,0,0,1,0,0,1,0,0,0,0
"22","ad3",3,0,0,0,0,0,0,0,0,0,0,3,0,0,3,0,0,0,0,0
"23","ad4",0,4,0,0,0,0,2,0,0,0,0,2,4,0,2,3,0,0.5,0,0
"24","ad5",1,3,0,0,1,0,1,0,0,0,0,3,3,0,3,3,0,0.5,0,0
"25","ad7",5,7,0,0,0,0,1,0,0,3,0,6,10,0,6,9,0,0.0384615384615385,0.153846153846154,0
"26","ad8",3,4,4,3,1,0,1,0,1,0,0,6,7,4,6,6,4,0.333333333333333,0.333333333333333,0
"27","ad9",1,5,0,0,1,0,0,0,0,0,0,2,5,0,2,5,0,0.333333333333333,0,0
"28","ae0",0,7,0,3,0,0,1,0,0,0,0,1,10,0,1,9,0,0.2,0.266666666666667,0
"29","ae2",3,2,0,3,0,0,1,0,0,0,1,4,5,1,4,5,1,0.111111111111111,0.333333333333333,0.111111111111111
"30","ae3",15,12,1,0,0,1,1,2,4,1,0,20,15,2,11,14,2,0.142857142857143,0.119047619047619,0.0476190476190476
"31","ae4",16,0,0,0,0,0,0,0,0,0,0,16,0,0,7,0,0,0,0,0
"32","ae5",0,0,0,0,0,0,0,0,0,0,0,0,0,0,0,0,0,NA,NA,NA
"33","ae9",2,12,6,4,0,0,1,2,0,0,0,3,18,6,3,14,6,0.0909090909090909,0.207792207792208,0
"34","af0",23,2,1,0,0,0,18,0,0,1,2,41,3,3,20,2,2,0.180578512396694,0.0909090909090909,0.0909090909090909
"35","af1",0,3,0,0,0,0,0,0,0,0,0,0,3,0,0,1,0,0,0,0
"36","af2",0,11,0,4,0,0,3,3,0,0,0,3,18,0,3,16,0,0.166666666666667,0.347222222222222,0
"37","af3",14,21,4,6,1,0,5,1,0,2,0,20,30,4,19,24,4,0.104166666666667,0.159722222222222,0
"38","af4",3,0,0,0,0,0,0,0,0,0,0,3,0,0,3,0,0,0,0,0
"39","af7",2,1,0,0,0,0,5,0,1,0,0,8,1,0,5,1,0,0.488888888888889,0,0
"40","ag0",4,3,0,1,0,1,0,0,0,0,0,4,4,1,4,3,1,0,0.0833333333333333,0.25
"41","ag2",0,0,0,0,0,0,0,0,0,0,0,0,0,0,0,0,0,NA,NA,NA
"42","ag3",0,0,0,0,0,0,0,0,0,0,0,0,0,0,0,0,0,NA,NA,NA
"43","ag4",3,1,0,0,0,0,0,0,0,0,0,3,1,0,3,1,0,0,0,0
"44","ag5",3,7,0,2,0,0,7,0,0,6,0,10,15,0,6,14,0,0.272727272727273,0.409090909090909,0
"45","ag6",7,9,3,0,0,0,0,0,0,3,0,8,12,3,4,7,3,0.0208333333333333,0.375,0
"46","ag7",0,0,0,0,0,0,0,0,0,6,0,0,6,0,0,6,0,0,1,0
"47","ag8",0,0,0,0,0,0,0,0,0,1,0,0,1,0,0,1,0,0,1,0
"48","ag9",7,2,3,3,4,0,9,0,0,0,1,20,5,4,19,5,3,0.385964912280702,0.157894736842105,0.0526315789473684
"49","ah0",8,4,0,0,0,0,3,0,0,0,1,11,4,1,7,3,1,0.0833333333333333,0,0.111111111111111
"50","ah1",7,7,0,3,0,0,6,0,1,0,1,14,10,1,10,5,1,0.428571428571429,0.075,0.1
"51","ah4",8,5,0,0,0,0,2,0,0,2,0,10,7,0,8,6,0,0.0666666666666667,0.1,0
"52","ah5",5,4,0,0,0,0,1,1,0,1,0,6,6,0,6,6,0,0.111111111111111,0.222222222222222,0
"53","ah6",0,0,0,0,0,0,0,0,2,0,0,2,0,0,2,0,0,1,0,0
"54","ah8",6,1,0,1,0,0,1,0,0,0,0,7,2,0,7,2,0,0.125,0.125,0
"55","ah9",7,5,2,5,0,0,3,0,0,0,0,10,10,2,8,8,2,0.238095238095238,0.523809523809524,0
"56","ai0",1,1,0,0,0,0,0,0,0,0,0,1,1,0,1,1,0,0,0,0
"57","ai1",10,29,4,1,0,0,1,1,0,3,0,11,34,4,7,21,4,0.05,0.1375,0
"58","ai3",6,1,0,0,2,0,0,1,0,3,0,8,5,0,7,5,0,0.0625,0.5,0
"59","ai4",1,1,1,0,0,0,0,1,0,1,0,1,3,1,1,3,1,0,0.75,0
"60","ai7",0,2,0,0,0,0,0,0,0,0,0,0,2,0,0,2,0,0,0,0
"61","aj0",0,0,0,0,0,0,0,0,0,0,0,0,0,0,0,0,0,NA,NA,NA
"62","aj1",2,1,0,1,1,0,0,0,0,0,0,3,2,0,3,2,0,0.2,0.2,0
"63","aj3",0,3,0,0,0,0,0,0,1,0,0,1,3,0,1,2,0,0.5,0,0
"64","aj5",14,7,0,2,1,0,3,1,0,0,0,18,10,0,9,8,0,0.196969696969697,0.204545454545455,0
"65","aj6",0,0,0,0,0,0,0,0,0,0,0,0,0,0,0,0,0,NA,NA,NA
"66","aj7",1,1,0,0,0,1,2,0,0,3,0,3,4,1,3,4,1,0.285714285714286,0.357142857142857,0.142857142857143
"67","aj8",0,1,0,0,0,0,0,0,0,0,0,0,1,0,0,1,0,0,0,0
"68","aj9",29,9,0,7,5,0,13,0,1,0,0,48,16,0,22,11,0,0.353298611111111,0.154166666666667,0
"69","ak0",7,14,0,5,0,0,2,3,0,7,0,9,29,0,9,22,0,0.0512820512820513,0.487179487179487,0
"70","ak1",3,0,0,3,0,0,0,0,0,0,0,3,3,0,2,2,0,0,0.666666666666667,0
"71","ak5",1,0,0,0,0,0,0,0,0,0,0,1,0,0,1,0,0,0,0,0
"72","ak7",0,0,0,0,0,0,0,0,0,0,0,0,0,0,0,0,0,NA,NA,NA
"73","al0",0,14,0,2,0,0,3,0,0,2,2,3,18,2,2,12,2,0.25,0.208333333333333,0.25
"74","al1",2,7,0,2,0,0,1,2,0,2,0,3,13,0,3,12,0,0.0909090909090909,0.439393939393939,0
"75","al2",2,0,1,0,2,0,0,0,0,1,0,4,1,1,4,1,1,0.3,0.2,0
"76","al5",46,3,0,1,0,0,5,1,0,1,0,51,6,0,22,4,0,0.165079365079365,0.1,0
"77","al9",2,4,0,1,0,0,2,0,0,0,0,4,5,0,2,3,0,0.25,0.5,0
"78","am0",0,2,0,0,0,0,0,0,0,0,0,0,2,0,0,2,0,0,0,0
"79","am1",16,19,0,3,0,0,5,5,2,5,0,23,32,0,15,30,0,0.158068783068783,0.277777777777778,0
"80","am2",0,1,2,0,1,0,0,0,0,0,0,1,1,2,1,1,2,0.333333333333333,0,0
"81","am3",3,2,0,0,0,0,0,0,0,0,0,3,2,0,2,2,0,0,0,0
"82","am5",0,0,0,0,0,0,0,0,1,0,0,1,0,0,1,0,0,1,0,0
"83","am6",0,1,0,0,1,0,0,0,0,0,0,1,1,0,1,1,0,0.5,0,0
"84","am7",5,9,0,1,0,0,1,0,3,1,0,9,11,0,8,9,0,0.153846153846154,0.153846153846154,0
"85","am8",3,4,0,0,0,0,2,0,0,1,0,5,5,0,4,5,0,0.285714285714286,0.142857142857143,0
"86","am9",3,2,0,0,1,0,0,1,1,0,0,5,3,0,3,3,0,0.25,0.2,0
"87","an1",20,27,2,10,2,1,3,0,0,0,4,28,37,7,25,20,5,0.191358024691358,0.185185185185185,0.0925925925925926
"88","an2",2,3,0,0,0,0,0,0,0,0,0,2,3,0,2,3,0,0,0,0
"89","an4",2,2,0,0,1,0,0,0,3,0,0,6,2,0,6,2,0,0.833333333333333,0,0
"90","an5",2,5,7,0,0,0,2,0,0,0,0,4,5,7,4,5,7,0.142857142857143,0,0
"91","an7",2,1,0,0,0,0,1,0,0,0,0,3,1,0,3,1,0,0.25,0,0
"92","an9",0,2,0,0,0,0,0,0,0,0,0,0,2,0,0,1,0,0,0,0
"93","ao0",3,3,1,0,1,0,0,0,1,1,0,5,4,1,5,4,1,0.333333333333333,0.166666666666667,0
"94","ao1",5,6,1,1,0,0,1,0,0,0,0,6,7,1,5,5,1,0.142857142857143,0.142857142857143,0
"95","ao2",7,2,0,0,0,1,7,0,5,6,0,19,8,1,14,6,1,0.444444444444444,0.361111111111111,0.111111111111111
"96","ao3",3,0,0,0,0,0,0,0,1,1,0,4,1,0,3,1,0,0.25,0.25,0
"97","ao4",1,19,0,4,0,0,0,0,1,0,0,2,23,0,2,16,0,0.0769230769230769,0.25,0
"98","ao5",0,0,0,0,0,0,0,0,0,0,0,0,0,0,0,0,0,NA,NA,NA
"99","ao6",3,0,0,2,0,0,0,0,1,1,0,4,3,0,3,3,0,0.0833333333333333,0.75,0
"100","ao8",9,0,0,0,0,0,0,0,2,0,0,11,0,0,8,0,0,0.4,0,0
"101","ap0",0,1,0,0,0,0,1,0,0,1,0,1,2,0,1,2,0,0.333333333333333,0.333333333333333,0
"102","ap2",0,0,0,0,0,0,0,0,0,0,0,0,0,0,0,0,0,NA,NA,NA
"103","ap4",8,10,0,0,0,0,10,0,3,3,0,21,13,0,13,11,0,0.264705882352941,0.176470588235294,0
"104","ap5",4,0,0,0,0,0,0,0,0,0,0,4,0,0,4,0,0,0,0,0
"105","ap6",0,0,0,0,0,0,0,0,0,0,0,0,0,0,0,0,0,NA,NA,NA
"106","ap7",6,4,0,0,0,0,1,0,0,0,0,8,4,0,4,3,0,0.228571428571429,0,0
"107","ap8",0,2,0,0,0,0,0,0,0,0,0,0,2,0,0,2,0,0,0,0
"108","aq0",4,2,0,2,0,0,2,0,0,0,0,6,4,0,5,4,0,0.25,0.333333333333333,0
"109","aq1",19,9,1,5,0,0,5,2,2,0,0,27,16,1,20,14,1,0.2125,0.196428571428571,0
"110","aq2",5,0,0,0,0,0,0,0,0,0,0,5,0,0,4,0,0,0,0,0
"111","aq4",7,5,0,21,0,0,0,0,3,2,0,10,28,0,8,15,0,0.0666666666666667,0.638888888888889,0
"112","aq5",3,1,1,0,1,0,0,0,2,0,0,6,1,1,5,1,1,0.333333333333333,0,0
"113","aq7",1,1,0,0,0,0,1,0,0,0,0,2,1,0,2,1,0,0.25,0,0
"114","aq9",8,0,0,0,0,0,0,0,0,0,0,8,0,0,5,0,0,0,0,0
"115","ar0",1,2,0,0,0,0,0,0,1,0,0,2,2,0,2,2,0,0.25,0,0
"116","ar2",5,1,0,1,0,0,0,0,0,0,0,5,2,0,5,2,0,0,0.125,0
"117","ar5",0,2,0,0,0,0,1,0,0,0,0,1,2,0,1,2,0,0.333333333333333,0,0
"118","ar8",3,2,2,0,1,0,0,0,4,5,0,8,7,2,6,6,2,0.153846153846154,0.307692307692308,0
"119","ar9",19,28,0,29,0,0,30,0,0,1,0,49,58,0,23,36,0,0.216049382716049,0.335802469135802,0
"120","as0",0,1,0,0,0,0,0,0,0,2,0,0,3,0,0,3,0,0,0.666666666666667,0
"121","as1",5,0,0,1,0,0,2,0,0,2,0,7,3,0,5,2,0,0.194444444444444,0.666666666666667,0
"122","as2",1,0,0,0,0,0,0,0,0,0,0,1,0,0,1,0,0,0,0,0
"123","as4",8,17,0,1,0,0,4,1,0,0,0,12,19,0,7,15,0,0.0408163265306122,0.0952380952380952,0
"124","as5",0,0,0,0,0,0,2,0,6,0,0,8,0,0,4,0,0,1,0,0
"125","as7",2,5,0,2,0,0,0,0,0,0,0,2,7,0,2,7,0,0,0.142857142857143,0
"126","as8",0,0,0,0,0,0,0,0,0,0,0,0,0,0,0,0,0,NA,NA,NA
"127","at1",15,0,0,0,1,0,9,0,0,0,0,25,0,0,18,0,0,0.533333333333333,0,0
"128","at2",1,6,2,1,0,0,2,0,0,1,0,3,8,2,2,8,2,0.125,0.1875,0
"129","at3",5,4,0,0,1,0,3,2,1,2,0,10,8,0,9,5,0,0.433333333333333,0.111111111111111,0
"130","at4",18,12,2,3,1,0,3,0,3,2,0,25,17,2,22,14,2,0.0885714285714286,0.14,0
"131","at6",0,0,0,0,0,0,0,0,0,0,0,0,0,0,0,0,0,NA,NA,NA
"132","at7",0,0,0,0,0,0,0,0,0,0,0,0,0,0,0,0,0,NA,NA,NA
"133","at8",0,0,0,0,0,0,0,0,0,0,0,0,0,0,0,0,0,NA,NA,NA
"134","at9",3,6,0,0,0,0,2,1,2,0,0,7,7,0,7,5,0,0.5,0.0416666666666667,0
"135","au2",0,0,0,1,0,0,0,0,0,0,0,0,1,0,0,1,0,0,1,0
"136","au3",0,1,0,0,0,0,0,0,0,0,0,0,1,0,0,1,0,0,0,0
"137","au5",10,19,1,3,0,0,6,1,1,1,0,17,24,1,8,19,1,0.125,0.117647058823529,0
"138","au6",5,11,0,0,0,0,1,0,0,1,0,6,12,0,6,8,0,0.125,0.125,0
"139","au7",3,1,0,0,0,0,2,0,0,0,0,5,1,0,3,1,0,0.166666666666667,0,0
"140","au8",1,0,0,0,0,0,0,0,0,0,0,1,0,0,1,0,0,0,0,0
"141","au9",1,2,0,1,0,0,0,0,1,0,0,2,3,0,2,3,0,0.2,0.2,0
"142","av0",0,0,0,0,0,0,0,0,0,0,0,0,0,0,0,0,0,NA,NA,NA
"143","av4",1,1,0,1,0,0,1,0,0,1,0,2,3,0,2,3,0,0.125,0.5,0
"144","av7",0,0,0,0,0,0,0,0,0,0,0,0,0,0,0,0,0,NA,NA,NA
"145","av8",0,1,0,0,0,0,1,0,0,1,0,1,2,0,1,2,0,0.333333333333333,0.333333333333333,0
"146","av9",9,0,0,0,0,0,1,0,0,0,0,10,0,0,3,0,0,0.1,0,0
"147","aw2",10,10,4,3,1,0,0,0,0,0,0,11,13,4,10,11,2,0.0714285714285714,0.178571428571429,0
"148","aw3",0,0,0,0,0,0,0,0,0,0,0,0,0,0,0,0,0,NA,NA,NA
"149","aw4",8,8,0,0,0,0,3,0,0,6,0,12,14,0,10,7,0,0.227272727272727,0.181818181818182,0
"150","aw5",1,0,0,0,0,0,0,0,0,0,0,1,0,0,1,0,0,0,0,0
"151","aw6",7,5,0,0,0,0,5,0,1,0,0,13,7,0,10,5,0,0.4375,0.0833333333333333,0
"152","aw9",3,3,0,0,0,0,0,0,0,0,0,3,3,0,2,3,0,0,0,0
"153","ax0",0,0,0,0,0,0,0,0,0,0,0,0,0,0,0,0,0,NA,NA,NA
"154","ax2",2,0,0,0,0,0,0,0,0,0,0,2,0,0,1,0,0,0,0,0
"155","ax3",3,1,0,0,0,0,0,1,2,0,0,5,2,0,5,2,0,0.2,0.2,0
"156","ax4",7,5,0,0,0,0,1,0,0,0,0,8,5,0,2,1,0,0.0625,0,0
"157","ax5",2,4,0,0,0,0,2,0,1,0,0,5,4,0,5,3,0,0.6,0,0
"158","ax6",1,0,0,0,0,0,0,0,0,0,0,1,0,0,1,0,0,0,0,0
"159","ax7",1,0,0,0,0,0,0,0,0,1,0,1,1,0,1,1,0,0,0.5,0
"160","ax9",11,11,1,2,0,0,0,0,1,0,1,12,13,2,10,11,2,0.0666666666666667,0.1,0.0666666666666667
"161","ay0",1,0,1,1,0,0,2,0,1,0,0,4,1,1,3,1,1,0.5,0.25,0
"162","ay1",6,7,0,0,0,0,2,0,2,1,0,10,8,0,10,5,0,0.25,0.02,0
"163","ay2",3,1,0,0,0,0,1,0,0,0,0,4,1,0,4,1,0,0.111111111111111,0,0
"164","ay3",15,12,3,0,3,0,19,3,2,0,1,39,15,4,32,10,4,0.403703703703704,0.0740740740740741,0.037037037037037
"165","ay4",9,0,3,0,2,0,4,0,4,1,0,19,1,3,18,1,3,0.4625,0.05,0
"166","ay7",0,0,2,0,0,0,0,0,0,0,0,0,0,2,0,0,2,0,0,0
"167","ay8",0,2,0,0,0,0,1,1,1,0,0,2,3,0,2,2,0,0.666666666666667,0.111111111111111,0
"168","az0",0,0,0,1,0,0,1,0,0,0,0,1,1,0,1,1,0,0.5,0.5,0
"169","az2",0,2,0,0,0,0,0,0,0,0,0,0,2,0,0,1,0,0,0,0
"170","az3",13,43,7,2,0,0,4,0,5,0,1,22,45,8,20,24,8,0.216666666666667,0.037037037037037,0.0333333333333333
"171","az4",4,12,0,0,0,0,4,1,0,0,0,8,13,0,5,8,0,0.0888888888888889,0.111111111111111,0
"172","az5",0,1,0,0,0,0,0,0,0,1,0,0,2,0,0,2,0,0,0.5,0
"173","az6",6,3,0,0,1,0,0,0,0,0,0,7,3,0,6,3,0,0.0416666666666667,0,0
"174","az8",5,12,0,0,0,0,4,0,2,2,0,11,14,0,9,9,0,0.363636363636364,0.053030303030303,0
"175","az9",8,5,0,1,0,0,2,0,1,1,0,11,7,0,10,7,0,0.222222222222222,0.111111111111111,0
"176","ba0",2,4,0,0,1,0,1,0,0,1,2,4,5,2,4,5,2,0.125,0.125,0.25
"177","ba1",3,3,0,0,0,0,2,0,1,0,0,6,3,0,4,2,0,0.666666666666667,0,0
"178","ba3",5,10,1,3,0,0,3,0,1,0,0,9,13,1,8,8,1,0.259259259259259,0.0648148148148148,0
"179","ba4",0,4,0,0,0,0,0,0,0,0,0,0,4,0,0,3,0,0,0,0
"180","ba5",0,2,0,0,0,0,0,0,0,0,0,0,2,0,0,2,0,0,0,0
"181","ba9",6,2,0,0,0,0,4,0,1,0,0,11,2,0,7,2,0,0.233333333333333,0,0
"182","bb0",9,5,0,1,0,0,4,0,0,0,0,13,6,0,4,4,0,0.416666666666667,0.333333333333333,0
"183","bb1",0,0,3,0,0,0,0,0,0,0,0,0,0,3,0,0,3,0,0,0
"184","bb4",1,0,0,0,0,0,0,0,0,0,0,1,0,0,1,0,0,0,0,0
"185","bb5",1,8,0,0,0,0,1,0,0,0,0,2,8,0,2,4,0,0.166666666666667,0,0
"186","bb6",8,2,0,0,2,0,1,0,1,1,0,12,3,0,6,3,0,0.388888888888889,0.166666666666667,0
"187","bb9",2,2,0,0,0,0,0,0,0,1,0,2,3,0,2,3,0,0,0.25,0
"188","bc0",5,8,3,1,0,0,6,0,1,0,0,12,9,3,8,6,3,0.158333333333333,0.0416666666666667,0
"189","bc1",3,2,2,1,1,0,0,0,0,0,0,4,3,2,4,3,2,0.142857142857143,0.142857142857143,0
"190","bc2",1,0,0,3,0,0,0,0,0,0,0,1,3,0,1,2,0,0,0.666666666666667,0
"191","bc3",0,0,0,0,0,0,0,0,0,0,0,0,0,0,0,0,0,NA,NA,NA
"192","bc4",5,4,1,0,0,0,3,1,0,0,0,8,5,1,7,4,1,0.181818181818182,0.0909090909090909,0
"193","bd0",2,2,1,0,0,0,0,2,0,0,0,2,4,1,2,4,1,0,0.5,0
"194","bd1",0,0,0,0,0,0,0,0,0,0,0,0,0,0,0,0,0,NA,NA,NA
"195","bd3",21,20,0,1,0,0,1,2,4,0,0,26,23,0,16,7,0,0.179487179487179,0.230769230769231,0
"196","bd4",4,8,2,0,0,0,0,0,0,0,0,4,8,2,2,8,1,0,0,0
"197","bd7",0,4,0,0,0,0,0,0,0,0,0,0,4,0,0,4,0,0,0,0
"198","bd8",0,0,0,0,0,0,0,0,0,0,0,0,0,0,0,0,0,NA,NA,NA
"199","be1",0,0,0,0,0,0,1,0,0,1,0,1,1,0,1,1,0,0.5,0.5,0
"200","be2",1,1,0,1,0,0,4,0,3,1,0,8,3,0,6,3,0,0.6,0.2,0
"201","be4",2,0,0,0,0,0,0,0,0,0,0,2,0,0,1,0,0,0,0,0
"202","be7",2,4,0,0,1,0,1,0,3,0,0,7,4,0,6,4,0,0.416666666666667,0,0
"203","be8",2,0,0,0,0,0,0,0,0,0,0,2,0,0,1,0,0,0,0,0
"204","bf0",6,3,0,1,1,0,2,1,1,1,1,10,6,1,10,6,1,0.277777777777778,0.222222222222222,0.111111111111111
"205","bf1",2,4,0,0,0,0,0,0,0,1,0,2,5,0,1,4,0,0,0.0833333333333333,0
"206","bf2",8,6,0,0,0,0,9,0,0,0,0,17,6,0,10,3,0,0.257142857142857,0,0
"207","bf3",0,0,0,0,0,0,0,0,0,0,0,0,0,0,0,0,0,NA,NA,NA
"208","bf5",13,6,0,11,0,0,3,0,1,1,0,17,18,2,11,9,2,0.277777777777778,0.69047619047619,0.333333333333333
"209","bf7",1,2,0,0,0,0,1,0,1,0,0,3,2,0,3,2,0,0.375,0,0
"210","bf8",3,9,0,0,0,0,1,0,0,0,0,4,9,0,4,7,0,0.0909090909090909,0,0
"211","bf9",12,20,0,0,0,0,0,0,3,0,0,15,20,0,9,13,0,0.104166666666667,0,0
"212","bg0",1,0,0,0,0,0,0,0,0,0,0,1,0,0,1,0,0,0,0,0
"213","bg1",0,1,0,0,0,0,0,0,1,0,2,1,1,2,1,1,1,0.333333333333333,0,0.333333333333333
"214","bg2",0,1,0,0,0,0,0,0,0,1,0,0,2,0,0,2,0,0,0.5,0
"215","bg3",10,3,1,2,0,0,2,2,0,1,0,12,8,1,9,8,1,0.0833333333333333,0.333333333333333,0
"216","bg5",2,0,0,0,0,0,0,1,0,3,0,2,4,0,2,4,0,0,0.75,0
"217","bg6",0,0,0,0,0,0,0,0,0,0,0,0,0,0,0,0,0,NA,NA,NA
"218","bg7",17,16,0,0,0,0,2,0,0,0,0,19,16,0,8,12,0,0.0195360195360195,0,0
"219","bh0",13,0,1,0,0,0,0,0,4,0,0,17,0,1,9,0,1,0.457142857142857,0,0
"220","bh1",0,3,0,0,0,0,0,1,0,0,0,0,4,0,0,4,0,0,0.333333333333333,0
"221","bh2",7,1,0,2,0,0,2,0,2,1,0,11,4,0,11,4,0,0.416666666666667,0.375,0
"222","bh3",1,0,0,0,0,0,1,0,0,0,0,2,0,0,2,0,0,0.5,0,0
"223","bh4",0,0,0,0,0,0,0,0,0,0,0,0,0,0,0,0,0,NA,NA,NA
"224","bh7",0,1,0,0,0,0,0,0,0,0,0,0,1,0,0,1,0,0,0,0
"225","bh8",1,0,0,0,0,0,0,0,2,0,0,3,0,0,3,0,0,0.5,0,0
"226","bh9",14,3,0,0,0,0,3,0,0,3,0,17,6,0,14,4,0,0.075,0.09375,0
"227","bi0",0,1,0,0,0,0,0,0,0,0,0,0,1,0,0,1,0,0,0,0
"228","bi1",1,0,0,0,0,0,0,0,0,0,0,1,0,0,1,0,0,0,0,0
"229","bi3",5,20,0,0,0,0,4,0,0,0,0,9,20,0,8,13,0,0.235294117647059,0,0
"230","bi4",9,1,0,1,1,0,2,2,0,0,0,12,4,0,9,4,0,0.208333333333333,0.375,0
"231","bi5",18,9,0,0,0,0,0,1,1,2,0,19,12,0,14,10,0,0.0714285714285714,0.142857142857143,0
"232","bi6",22,17,0,7,2,0,7,3,1,5,0,32,32,0,24,21,0,0.264285714285714,0.316666666666667,0
"233","bi7",2,1,1,1,0,0,0,0,0,0,0,2,2,1,1,2,1,0,0.5,0
"234","bi8",9,2,0,0,0,0,0,0,0,0,0,9,2,0,6,2,0,0,0,0
"235","bi9",7,9,0,4,0,0,2,2,0,0,1,9,15,1,9,10,1,0.0952380952380952,0.292857142857143,0.142857142857143
"236","bj0",4,4,0,0,0,0,3,0,0,0,0,7,4,0,7,4,0,0.375,0,0
"237","bj1",0,0,0,0,0,0,0,0,0,0,0,0,0,0,0,0,0,NA,NA,NA
"238","bj2",9,5,1,6,0,0,9,1,2,1,0,20,13,1,15,13,1,0.4,0.325,0
"239","bj4",1,0,0,0,2,0,1,0,0,0,0,4,0,0,4,0,0,0.75,0,0
"240","bj6",10,19,0,0,1,0,3,0,0,2,0,14,21,0,11,15,0,0.25,0.0952380952380952,0
"241","bj8",4,0,0,0,0,0,2,0,0,1,0,6,1,0,5,1,0,0.333333333333333,0.25,0
"242","bj9",7,9,0,1,0,0,0,0,1,0,0,8,10,0,5,6,0,0.125,0.05,0
"243","bk0",0,2,0,2,0,0,4,0,0,0,0,4,4,0,3,3,0,1,0.444444444444444,0
"244","bk2",8,5,0,2,0,0,3,0,1,0,0,12,7,0,7,7,0,0.154761904761905,0.285714285714286,0
"245","bk5",1,2,0,0,0,0,0,0,0,0,0,1,2,0,1,2,0,0,0,0
"246","bk7",0,2,0,0,0,0,0,0,1,0,0,1,2,0,1,2,0,0.333333333333333,0,0
"247","bk8",0,2,0,0,0,0,0,1,0,0,0,0,3,0,0,3,0,0,0.333333333333333,0
"248","bl0",2,3,0,0,0,0,0,0,0,1,0,2,4,0,2,3,0,0,0.166666666666667,0
"249","bl2",20,23,1,7,1,0,4,2,1,2,5,26,34,6,19,28,6,0.06,0.186111111111111,0.133333333333333
"250","bl3",4,4,2,4,0,0,3,0,1,0,0,8,8,2,7,6,2,0.357142857142857,0.19047619047619,0
"251","bl4",1,5,1,0,0,0,0,0,0,0,0,1,5,1,1,5,1,0,0,0
"252","bl5",1,0,0,0,0,0,0,0,0,0,0,1,0,0,1,0,0,0,0,0
"253","bl6",1,0,0,0,0,0,0,0,0,0,0,1,0,0,1,0,0,0,0,0
"254","bl7",44,12,2,0,0,0,6,0,5,9,16,55,21,18,36,19,10,0.238738738738739,0.135135135135135,0.216216216216216
"255","bl8",3,1,0,0,0,0,0,0,0,0,0,3,1,0,1,1,0,0,0,0
"256","bl9",1,0,0,3,0,0,0,0,0,0,0,1,3,0,1,3,0,0,0.75,0
"257","bm0",2,0,0,0,1,0,0,0,0,0,0,3,0,0,3,0,0,0.25,0,0
"258","bm1",1,0,0,0,0,0,0,1,0,0,0,1,1,0,1,1,0,0,0.5,0
"259","bm3",11,3,0,3,0,0,0,0,0,0,0,11,6,0,6,5,0,0,0.214285714285714,0
"260","bm4",1,0,0,0,0,0,0,0,0,0,0,1,0,0,1,0,0,0,0,0
"261","bm5",5,2,0,1,0,0,0,2,0,0,1,5,5,1,3,5,1,0,0.233333333333333,0.2
"262","bm6",12,28,1,4,7,0,6,0,0,6,4,25,38,5,19,31,5,0.28,0.128571428571429,0.114285714285714
"263","bm7",8,7,3,1,0,0,9,1,3,4,3,20,13,6,20,12,6,0.411764705882353,0.215686274509804,0.176470588235294
"264","bm8",6,10,0,8,0,0,2,0,1,0,0,9,18,0,7,10,0,0.212121212121212,0.386363636363636,0
"265","bm9",5,1,0,0,0,0,0,0,0,0,0,5,1,0,4,1,0,0,0,0
"266","bn1",0,0,0,0,0,0,0,0,0,0,0,0,0,0,0,0,0,NA,NA,NA
"267","bn3",0,1,0,0,0,0,0,0,0,0,0,0,1,0,0,1,0,0,0,0
"268","bn5",6,5,1,0,0,0,2,0,0,4,0,8,9,1,6,6,1,0.181818181818182,0.181818181818182,0
"269","bn6",0,5,0,0,0,0,0,2,0,3,1,0,10,1,0,7,1,0,0.383333333333333,0.333333333333333
"270","bn7",13,7,1,4,4,0,3,2,1,0,0,21,13,1,18,12,1,0.286666666666667,0.2,0
"271","bo0",5,3,0,0,0,0,0,0,0,3,0,5,6,0,4,6,0,0,0.5,0
"272","bo1",0,0,0,0,0,0,0,0,0,0,0,0,0,0,0,0,0,NA,NA,NA
"273","bo4",4,0,0,0,0,0,0,0,0,1,0,4,1,0,3,1,0,0,0.333333333333333,0
"274","bo5",0,3,0,0,0,0,0,0,0,0,0,0,3,0,0,3,0,0,0,0
"275","bo8",0,0,0,0,0,0,0,0,0,0,0,0,0,0,0,0,0,NA,NA,NA
"276","bo9",0,1,0,0,0,0,0,0,0,0,0,0,1,0,0,1,0,0,0,0
"277","bp2",7,10,2,0,0,0,3,2,0,0,0,10,12,2,10,9,2,0.138888888888889,0.0972222222222222,0
"278","bp4",5,4,1,1,2,0,1,0,0,0,0,8,5,1,7,2,1,0.1,0.166666666666667,0
"279","bp5",0,1,0,0,0,0,0,0,0,0,0,0,1,0,0,1,0,0,0,0
"280","bp6",2,0,0,0,0,0,0,0,0,0,0,2,0,0,2,0,0,0,0,0
"281","bp8",4,0,0,1,0,0,0,2,2,0,2,6,3,2,5,3,1,0.3,0.4,0.2
"282","bp9",3,1,0,0,0,0,2,0,1,0,0,6,1,0,4,1,0,0.25,0,0
"283","bq0",3,3,0,0,0,0,0,0,0,1,0,3,4,0,3,4,0,0,0.2,0
"284","bq3",3,8,0,1,0,0,0,2,0,2,2,3,13,2,3,11,1,0,0.35,0.1
"285","bq4",0,0,0,1,0,0,0,0,0,0,0,0,1,0,0,1,0,0,1,0
"286","bq6",1,0,0,0,0,0,0,0,0,0,0,1,0,0,1,0,0,0,0,0
"287","bq8",29,4,0,2,0,0,9,0,2,0,0,40,6,0,10,6,0,0.0703947368421053,0.25,0
"288","bq9",0,0,0,0,0,0,0,0,0,0,0,0,0,0,0,0,0,NA,NA,NA
"289","br1",1,1,0,0,1,0,0,0,0,0,0,2,1,0,2,1,0,0.25,0,0
"290","br2",0,6,1,0,1,0,1,1,1,1,0,3,8,1,3,8,1,0.5,0.166666666666667,0
"291","br3",0,1,0,0,1,0,0,0,0,0,0,1,1,0,1,1,0,0.5,0,0
"292","br4",5,3,0,0,0,0,2,0,2,1,0,9,4,0,8,3,0,0.357142857142857,0.142857142857143,0
"293","br5",3,2,4,0,0,0,1,0,1,1,0,5,3,4,5,3,2,0.125,0.125,0
"294","br6",0,4,0,0,0,0,1,0,0,0,0,1,4,0,1,3,0,0.333333333333333,0,0
"295","br7",5,3,2,0,0,0,5,1,3,1,0,13,5,2,13,5,2,0.296875,0.125,0
"296","br8",3,3,0,0,2,0,0,0,0,0,0,5,3,0,4,3,0,0.208333333333333,0,0
"297","br9",2,0,0,0,0,0,0,0,1,0,0,3,0,0,3,0,0,0.333333333333333,0,0
"298","bs0",16,4,0,1,0,0,0,0,0,0,0,16,5,0,5,4,0,0,0.166666666666667,0
"299","bs1",19,6,0,0,1,0,4,3,9,0,0,33,9,0,24,9,0,0.26984126984127,0.0793650793650794,0
"300","bs2",2,0,0,0,0,0,0,0,0,0,0,2,0,0,2,0,0,0,0,0
"301","bs3",1,0,0,0,0,0,0,0,0,0,0,1,0,0,1,0,0,0,0,0
"302","bs5",3,7,1,8,0,0,1,2,1,1,0,5,18,1,5,15,1,0.153846153846154,0.405128205128205,0
"303","bs6",0,2,0,0,0,0,0,1,0,0,0,0,3,0,0,2,0,0,0.333333333333333,0
"304","bs8",2,6,0,6,0,0,1,0,0,0,0,3,12,0,3,10,0,0.0909090909090909,0.318181818181818,0
"305","bs9",1,2,0,1,0,0,1,0,1,0,0,3,3,0,3,3,0,0.25,0.25,0
"306","bt1",2,4,0,0,1,0,0,1,0,1,0,3,6,0,3,6,0,0.142857142857143,0.214285714285714,0
"307","bt2",4,5,0,2,0,0,2,0,2,1,0,8,8,0,8,8,0,0.363636363636364,0.136363636363636,0
"308","bt7",8,4,0,0,0,0,0,0,0,0,0,8,4,0,7,3,0,0,0,0
"309","bt8",8,3,0,0,0,0,1,0,1,0,3,10,3,3,10,3,2,0.133333333333333,0,0.2
"310","bu0",0,0,0,0,0,0,0,0,0,0,0,0,0,0,0,0,0,NA,NA,NA
"311","bu1",20,0,0,0,2,0,9,0,1,0,0,32,0,0,27,0,0,0.324074074074074,0,0
"312","bu3",0,0,0,0,0,0,0,0,0,0,0,0,0,0,0,0,0,NA,NA,NA
"313","bu4",20,12,4,0,0,0,22,0,1,0,0,43,12,4,30,9,4,0.442528735632184,0,0
"314","bu6",3,0,0,0,0,0,2,2,0,0,0,5,2,0,4,2,0,0.3125,0.5,0
"315","bu8",0,4,0,0,0,0,0,0,0,0,0,0,4,0,0,3,0,0,0,0
"316","bu9",6,4,0,0,2,0,3,1,2,1,0,13,6,0,11,6,0,0.466666666666667,0.2,0
"317","bv0",8,2,0,2,0,0,3,1,0,1,0,12,6,0,12,6,0,0.296296296296296,0.37037037037037,0
"318","bv1",3,6,0,0,1,0,4,0,2,2,0,10,8,0,9,8,0,0.392857142857143,0.142857142857143,0
"319","bv2",3,6,1,6,1,0,4,1,0,0,0,8,13,1,6,9,1,0.25,0.208333333333333,0
"320","bv4",0,2,0,0,0,0,1,0,0,0,0,1,2,0,1,2,0,0.333333333333333,0,0
"321","bv5",2,0,0,0,0,0,0,0,0,0,0,2,0,0,1,0,0,0,0,0
"322","bv8",10,1,0,1,0,0,0,0,1,1,0,11,3,0,5,3,0,0.166666666666667,0.333333333333333,0
"323","bv9",2,29,0,0,0,0,0,0,1,1,0,3,30,0,2,21,0,0.0625,0.015625,0
"324","bw1",0,0,0,0,0,0,0,0,0,0,0,0,0,0,0,0,0,NA,NA,NA
"325","bw2",4,0,0,1,1,0,3,1,0,0,0,8,2,0,6,2,0,0.291666666666667,0.5,0
"326","bw3",13,6,0,0,3,0,0,0,0,0,0,16,6,0,14,6,0,0.125,0,0
"327","bw4",0,1,0,0,0,0,0,0,0,0,0,0,1,0,0,1,0,0,0,0
"328","bw5",8,1,0,0,0,3,0,0,0,0,0,8,1,3,6,1,3,0,0,0.3
"329","bw6",11,7,0,2,2,0,3,0,0,0,0,16,9,0,10,5,0,0.158333333333333,0.125,0
"330","bw9",0,4,1,2,0,0,1,0,0,1,0,1,7,1,1,7,1,0.166666666666667,0.5,0
"331","bx3",1,0,0,3,1,0,2,0,0,1,0,4,4,0,4,4,0,0.357142857142857,0.571428571428571,0
"332","bx4",0,0,0,0,0,0,0,0,0,0,0,0,0,0,0,0,0,NA,NA,NA
"333","bx5",32,4,0,1,0,0,3,3,1,4,0,36,12,0,18,12,0,0.184210526315789,0.421052631578947,0
"334","bx6",0,0,1,0,0,0,0,0,0,0,0,0,0,1,0,0,1,0,0,0
"335","bx9",0,1,0,0,0,0,0,0,0,0,0,0,1,0,0,1,0,0,0,0
"336","by1",1,0,0,0,0,0,0,0,0,0,0,1,0,0,1,0,0,0,0,0
"337","by2",1,0,0,0,0,0,0,0,0,0,0,1,0,0,1,0,0,0,0,0
"338","by3",1,4,0,2,0,0,0,0,0,1,0,1,7,0,1,5,0,0,0.45,0
"339","by4",0,0,0,0,0,0,0,0,0,0,0,0,0,0,0,0,0,NA,NA,NA
"340","by5",1,9,0,0,0,0,1,1,0,0,0,2,10,0,2,7,0,0.125,0.0625,0
"341","by6",0,7,0,1,0,0,4,1,1,0,1,5,9,1,5,6,1,0.5,0.15,0.1
"342","by8",0,0,0,0,0,0,0,0,1,0,1,1,0,1,1,0,1,0.5,0,0.5
"343","by9",5,1,1,0,1,0,3,0,0,2,0,9,3,1,7,3,1,0.178571428571429,0.285714285714286,0
"344","bz1",14,21,1,2,0,0,6,0,1,4,1,21,27,2,14,23,2,0.132575757575758,0.118055555555556,0.0416666666666667
"345","bz2",2,19,3,0,0,0,0,0,0,0,0,2,19,3,2,9,3,0,0,0
"346","bz3",1,4,0,1,0,0,0,0,0,0,0,1,5,0,1,5,0,0,0.166666666666667,0
"347","bz5",2,2,2,0,0,0,0,0,0,6,0,2,8,2,2,6,2,0,0.4,0
"348","bz9",12,4,1,2,1,0,1,0,2,0,1,16,6,2,13,6,2,0.142857142857143,0.107142857142857,0.0714285714285714
"349","ca0",4,1,0,1,0,0,1,0,1,0,0,6,2,0,6,2,0,0.166666666666667,0.166666666666667,0
"350","ca4",32,14,1,6,0,0,6,0,5,0,5,43,20,6,32,17,6,0.189814814814815,0.12962962962963,0.138888888888889
"351","ca5",7,9,3,0,1,0,0,1,1,0,0,9,10,3,9,4,3,0.133333333333333,0.0666666666666667,0
"352","ca6",1,0,0,0,0,0,0,0,0,0,0,1,0,0,1,0,0,0,0,0
"353","ca7",0,0,0,0,0,0,0,0,0,0,0,0,0,0,0,0,0,NA,NA,NA
"354","ca8",0,0,0,0,0,0,0,0,0,0,0,0,0,0,0,0,0,NA,NA,NA
"355","ca9",1,0,0,1,0,0,0,0,1,0,0,2,1,0,2,1,0,0.25,0.5,0
"356","cb0",8,6,0,2,1,0,2,0,0,1,0,11,9,0,11,9,0,0.192307692307692,0.153846153846154,0
"357","cb1",0,0,0,0,0,0,0,0,0,0,0,0,0,0,0,0,0,NA,NA,NA
"358","cb2",3,0,0,0,0,0,2,0,0,0,0,5,0,0,3,0,0,0.4,0,0
"359","cb3",5,1,0,1,0,0,1,0,0,0,0,6,2,0,6,2,0,0.142857142857143,0.142857142857143,0
"360","cb5",9,10,0,0,0,0,0,0,0,0,0,9,10,0,5,10,0,0,0,0
"361","cb7",0,3,0,0,0,0,0,0,0,0,0,0,3,0,0,3,0,0,0,0
"362","cb8",31,32,2,1,2,0,6,1,1,6,0,41,40,2,26,30,2,0.16957502374169,0.162037037037037,0
"363","cb9",1,1,3,1,1,0,0,0,0,0,0,2,2,3,2,2,3,0.142857142857143,0.142857142857143,0
"364","cc1",1,3,0,0,0,0,0,0,0,0,0,1,3,0,1,3,0,0,0,0
"365","cc4",67,11,4,0,0,0,5,0,3,0,2,75,11,6,27,10,6,0.263888888888889,0,0.0555555555555556
"366","cc6",5,4,0,1,0,0,0,0,0,0,0,5,5,0,5,5,0,0,0.0833333333333333,0
"367","cc7",0,0,0,0,2,0,0,0,0,0,0,2,0,0,2,0,0,1,0,0
"368","cd2",2,2,0,0,0,0,3,0,0,1,0,5,3,0,5,3,0,0.4,0.2,0
"369","cd3",2,2,0,0,0,0,0,0,1,0,0,3,2,0,3,2,0,0.25,0,0
"370","cd4",0,1,0,0,0,0,0,1,1,2,0,1,4,0,1,3,0,0.5,0.375,0
"371","cd6",3,0,1,0,0,0,0,0,1,0,2,4,0,3,4,0,3,0.0833333333333333,0,0.333333333333333
"372","cd8",6,0,0,0,0,0,0,1,1,0,0,7,1,0,5,1,0,0.125,0.25,0
"373","ce1",5,1,0,1,0,0,1,0,2,1,0,8,3,0,7,3,0,0.35,0.3,0
"374","ce2",13,15,2,0,0,0,14,0,0,3,0,27,18,2,18,14,2,0.358333333333333,0.125,0
"375","ce3",0,4,2,2,0,0,1,0,0,1,1,1,7,3,1,7,3,0.142857142857143,0.285714285714286,0.142857142857143
"376","ce6",1,5,0,0,0,0,0,1,0,0,0,1,6,0,1,5,0,0,0.166666666666667,0
"377","ce7",11,4,0,4,0,0,2,0,3,0,0,16,8,0,14,6,0,0.186666666666667,0.166666666666667,0
"378","ce8",0,0,0,0,0,0,0,0,0,0,0,0,0,0,0,0,0,NA,NA,NA
"379","cf0",0,3,0,0,0,0,0,0,0,0,0,0,3,0,0,2,0,0,0,0
"380","cf1",0,0,0,0,1,0,0,0,1,0,0,2,0,0,2,0,0,1,0,0
"381","cf2",3,1,0,0,0,0,1,0,0,1,0,4,2,0,4,2,0,0.125,0.25,0
"382","cf3",0,1,0,0,0,0,0,0,0,0,0,0,1,0,0,1,0,0,0,0
"383","cf6",4,4,0,0,0,0,0,0,0,0,0,4,4,0,4,4,0,0,0,0
"384","cf7",2,2,0,0,0,0,0,0,0,1,0,2,3,0,1,3,0,0,0.166666666666667,0
"385","cf9",7,9,0,0,0,0,1,0,0,4,0,10,13,0,6,10,0,0.272727272727273,0.227272727272727,0
"386","cg1",4,1,0,1,0,0,7,0,2,0,0,13,2,0,8,2,0,0.464285714285714,0.142857142857143,0
"387","cg2",18,1,0,0,0,0,0,0,0,0,0,18,1,0,6,1,0,0,0,0
"388","cg3",7,0,0,0,0,0,0,0,2,0,0,9,0,0,7,0,0,0.08,0,0
"389","cg6",20,2,0,0,0,0,16,0,0,0,0,36,2,0,12,2,0,0.142857142857143,0,0
"390","cg8",6,2,0,0,0,0,1,0,1,0,0,8,2,0,5,2,0,0.333333333333333,0,0
"391","cg9",0,0,0,0,0,0,2,0,0,0,0,2,0,0,2,0,0,1,0,0
"392","ch0",3,3,0,0,0,2,2,1,1,0,2,6,4,4,6,4,4,0.25,0.0416666666666667,0.5
"393","ch1",9,5,1,0,0,0,7,2,2,0,1,18,7,2,12,7,2,0.205882352941176,0.117647058823529,0.0588235294117647
"394","ch2",13,8,0,3,1,0,2,0,1,3,1,17,14,1,8,11,1,0.0952380952380952,0.216666666666667,0.0666666666666667
"395","ch4",1,3,0,0,0,0,0,0,0,0,0,1,3,0,1,3,0,0,0,0
"396","ch5",3,0,0,1,0,0,0,0,0,0,0,3,1,0,2,1,0,0,0.333333333333333,0
"397","ch7",1,1,0,0,0,0,0,1,0,0,0,1,2,0,1,2,0,0,0.25,0
"398","ch9",0,0,0,0,0,0,0,0,0,0,0,0,0,0,0,0,0,NA,NA,NA
"399","ci0",0,1,0,0,0,0,0,0,0,0,0,0,1,0,0,1,0,0,0,0
"400","ci1",0,1,0,0,0,0,1,0,0,0,1,1,1,1,1,1,1,0.333333333333333,0,0.333333333333333
"401","ci2",11,21,0,1,1,0,3,3,3,5,0,18,30,0,16,25,0,0.291666666666667,0.180555555555556,0
"402","ci3",14,12,0,1,1,0,1,3,0,6,0,16,22,0,11,14,0,0.0694444444444444,0.395833333333333,0
"403","ci4",2,0,1,0,0,0,0,0,0,0,0,2,0,1,1,0,1,0,0,0
"404","ci5",13,7,0,2,1,0,5,0,0,0,0,19,9,0,15,9,0,0.222222222222222,0.111111111111111,0
"405","ci6",18,6,1,0,0,0,0,1,0,0,0,18,7,1,9,5,1,0,0.0833333333333333,0
"406","ci7",0,0,0,0,0,0,0,0,0,0,0,0,0,0,0,0,0,NA,NA,NA
"407","ci9",12,8,0,5,1,0,0,0,0,1,0,13,14,0,8,11,0,0.0769230769230769,0.269230769230769,0
"408","cj2",1,3,0,0,0,0,1,0,1,0,0,3,3,0,3,3,0,0.3,0,0
"409","cj3",5,2,0,0,0,0,1,0,1,0,0,7,2,0,7,2,0,0.25,0,0
"410","cj5",33,8,0,6,4,0,4,1,5,2,0,46,17,0,29,15,0,0.181972789115646,0.253968253968254,0
"411","cj7",0,0,0,0,0,0,0,0,0,0,0,0,0,0,0,0,0,NA,NA,NA
"412","cj8",3,9,3,3,0,0,0,1,0,1,0,3,14,3,2,14,3,0,0.269230769230769,0
"413","ck0",6,0,0,0,0,0,15,0,0,0,0,21,0,0,5,0,0,0.8,0,0
"414","ck1",2,6,0,0,0,0,0,0,0,7,0,2,13,0,2,11,0,0,0.511904761904762,0
"415","ck2",2,1,0,0,0,0,0,0,0,0,0,2,1,0,2,1,0,0,0,0
"416","ck3",6,5,0,2,0,0,0,0,1,0,0,7,7,0,5,7,0,0.1,0.2,0
"417","ck4",5,21,0,1,0,2,8,0,0,1,0,13,23,2,11,13,2,0.236842105263158,0.105263157894737,0.105263157894737
"418","ck6",3,2,0,1,0,0,0,0,0,0,0,3,3,0,2,3,0,0,0.25,0
"419","ck7",0,0,0,0,0,0,0,0,1,0,0,1,0,0,1,0,0,1,0,0
"420","ck9",10,8,0,0,0,0,0,1,1,3,0,12,12,0,8,11,0,0.12,0.3,0
"421","cl1",8,5,0,0,0,0,1,2,0,1,0,9,8,0,7,7,0,0.0833333333333333,0.208333333333333,0
"422","cl2",0,7,0,0,0,0,0,0,0,0,0,0,7,0,0,6,0,0,0,0
"423","cl3",0,4,0,0,0,0,0,0,0,0,0,0,4,0,0,4,0,0,0,0
"424","cl4",0,0,0,0,0,0,0,0,0,0,0,0,0,0,0,0,0,NA,NA,NA
"425","cl5",7,3,1,0,0,0,2,0,0,0,0,9,3,1,6,3,1,0.0666666666666667,0,0
"426","cl6",3,1,0,0,0,0,1,2,0,1,0,4,4,0,4,3,0,0.125,0.5,0
"427","cl7",0,2,0,1,0,0,0,0,2,0,0,2,3,0,2,3,0,0.5,0.125,0
"428","cl9",2,4,2,3,0,0,0,0,1,0,0,3,7,2,3,6,1,0.125,0.3125,0
"429","cm2",5,0,0,1,0,0,0,0,0,0,0,5,1,0,2,1,0,0,0.5,0
"430","cm4",0,1,0,0,0,0,1,0,0,0,0,1,1,0,1,1,0,0.5,0,0
"431","cm7",1,0,0,0,0,0,0,3,0,0,0,1,3,0,1,3,0,0,0.75,0
"432","cm8",44,25,3,0,0,0,3,0,2,5,0,49,30,3,16,14,3,0.151515151515152,0.0757575757575758,0
"433","cm9",8,4,0,2,1,0,7,0,3,0,0,19,6,0,17,6,0,0.512820512820513,0.0769230769230769,0
"434","cn0",12,6,0,2,0,0,2,0,0,0,0,14,8,0,9,6,0,0.0535714285714286,0.0714285714285714,0
"435","cn1",2,3,0,0,1,0,4,1,0,0,0,7,4,0,7,4,0,0.625,0.125,0
"436","cn2",0,0,0,0,0,0,0,0,0,0,0,0,0,0,0,0,0,NA,NA,NA
"437","cn3",10,9,0,3,1,0,0,0,2,0,0,13,12,0,10,10,0,0.108333333333333,0.216666666666667,0
"438","cn4",8,20,0,3,0,0,8,1,1,0,0,17,25,0,13,22,0,0.257575757575758,0.140151515151515,0
"439","cn7",5,1,1,1,1,0,1,0,0,0,0,7,2,1,6,2,1,0.25,0.125,0
"440","cn8",0,1,0,0,0,0,0,0,0,0,0,0,1,0,0,1,0,0,0,0
"441","cn9",9,25,0,2,0,0,0,0,1,0,0,10,27,0,9,23,0,0.05,0.05,0
"442","co0",45,15,0,1,3,0,6,3,1,1,2,56,20,2,25,17,2,0.205263157894737,0.166666666666667,0.0666666666666667
"443","co1",2,6,0,0,0,0,2,0,0,0,1,5,6,1,5,4,1,0.3,0,0.1
"444","co2",7,12,1,4,0,0,1,0,3,1,1,11,17,2,11,15,2,0.2,0.144444444444444,0.0666666666666667
"445","co4",24,8,3,3,2,0,3,2,5,6,0,34,19,3,28,19,3,0.209459459459459,0.27027027027027,0
"446","co5",1,1,1,4,0,0,0,0,0,0,0,1,5,1,1,5,1,0,0.571428571428571,0
"447","co8",5,4,0,0,0,0,0,3,0,1,0,5,8,0,5,6,0,0,0.4375,0
"448","co9",2,0,0,0,0,0,0,0,0,0,0,2,0,0,1,0,0,0,0,0
"449","cp0",0,2,0,0,0,0,0,0,0,0,0,0,2,0,0,2,0,0,0,0
"450","cp2",8,0,0,1,0,0,1,0,1,1,0,10,2,0,7,2,0,0.2,0.4,0
"451","cp3",0,0,1,0,0,0,1,0,0,0,0,1,0,1,1,0,1,0.5,0,0
"452","cp4",1,0,0,0,0,0,0,0,0,0,0,1,0,0,1,0,0,0,0,0
"453","cp5",17,9,0,3,2,0,8,0,0,1,0,27,13,0,18,12,0,0.25,0.181818181818182,0
"454","cp6",6,18,0,4,0,0,1,1,0,0,0,7,23,0,6,18,0,0.0476190476190476,0.115646258503401,0
"455","cp7",3,0,2,0,1,0,1,0,1,0,0,6,0,2,5,0,2,0.4,0,0
"456","cp8",20,6,2,2,5,0,4,1,2,7,0,31,16,2,23,11,2,0.578947368421053,0.25,0
"457","cq0",1,2,0,0,0,0,0,0,0,0,0,1,2,0,1,2,0,0,0,0
"458","cq1",2,5,0,0,0,0,0,0,0,0,0,2,5,0,2,5,0,0,0,0
"459","cq2",2,0,0,0,0,0,1,0,0,0,0,3,0,0,2,0,0,0.333333333333333,0,0
"460","cq4",10,14,2,1,2,0,5,1,0,1,1,17,17,3,16,9,3,0.324074074074074,0.122222222222222,0.0555555555555556
"461","cq6",2,0,0,0,0,0,0,0,0,0,0,2,0,0,2,0,0,0,0,0
"462","cq8",0,0,0,0,0,0,0,0,0,0,0,0,0,0,0,0,0,NA,NA,NA
"463","cq9",0,0,0,0,0,0,0,0,0,1,0,0,1,0,0,1,0,0,1,0
"464","cr1",8,4,0,1,1,0,2,0,0,2,0,11,7,0,8,7,0,0.139393939393939,0.227272727272727,0
"465","cr3",1,1,0,1,1,0,2,0,0,0,0,4,2,0,4,2,0,0.625,0.25,0
"466","cr4",3,0,0,0,0,0,0,0,1,0,0,4,0,0,4,0,0,0.333333333333333,0,0
"467","cr8",0,5,0,0,0,0,0,0,0,0,0,0,5,0,0,4,0,0,0,0
"468","cr9",0,2,0,0,0,0,0,0,0,0,0,0,2,0,0,2,0,0,0,0
"469","cs0",9,20,0,4,2,0,4,0,0,1,0,15,25,0,10,19,0,0.208333333333333,0.133333333333333,0
"470","cs1",0,6,0,2,0,0,0,0,0,0,0,0,8,0,0,7,0,0,0.333333333333333,0
"471","cs3",6,5,0,0,0,0,2,0,0,0,0,8,5,0,7,5,0,0.142857142857143,0,0
"472","cs4",2,0,0,0,1,0,0,0,0,0,0,3,0,0,3,0,0,0.5,0,0
"473","cs5",9,41,1,0,0,0,0,0,0,1,0,9,42,1,7,24,1,0,0.0062111801242236,0
"474","cs6",2,3,0,1,0,0,0,0,0,3,0,2,7,0,2,7,0,0,0.444444444444444,0
"475","cs7",12,20,1,6,0,0,3,0,1,0,0,16,27,1,13,21,1,0.106666666666667,0.14,0
"476","cs8",0,0,0,1,0,0,0,0,0,0,0,0,1,0,0,1,0,0,1,0
"477","cs9",0,0,0,0,0,0,0,0,0,2,0,0,2,0,0,2,0,0,1,0
"478","ct0",10,0,0,0,0,0,0,0,0,0,0,10,0,0,4,0,0,0,0,0
"479","ct1",0,5,1,2,0,0,0,2,0,0,0,0,9,1,0,8,1,0,0.464285714285714,0
"480","ct4",7,6,0,1,0,0,6,1,1,1,0,14,9,0,9,8,0,0.255555555555556,0.15,0
"481","ct5",0,0,0,0,0,0,0,0,1,0,0,1,0,0,1,0,0,1,0,0
"482","ct9",2,2,0,0,0,0,0,1,0,0,0,2,3,0,1,2,0,0,0.166666666666667,0
"483","cu0",0,4,1,0,0,0,0,0,1,1,0,1,5,1,1,5,1,0.142857142857143,0.142857142857143,0
"484","cu1",1,1,0,0,1,0,2,0,1,0,0,5,1,0,5,1,0,0.5,0,0
"485","cu2",7,3,1,0,0,0,0,0,0,0,0,7,3,1,7,3,1,0,0,0
"486","cu4",7,1,0,2,0,0,0,0,1,0,0,8,3,0,8,3,0,0.0416666666666667,0.25,0
"487","cu6",4,13,0,0,0,0,2,0,0,0,0,6,13,0,4,6,0,0.171428571428571,0,0
"488","cu8",5,8,0,3,0,0,0,0,1,2,0,6,13,0,6,9,0,0.111111111111111,0.303703703703704,0
"489","cu9",1,1,0,0,2,0,0,0,0,0,0,3,1,0,3,1,0,0.5,0,0
"490","cv1",4,3,0,0,0,0,1,1,2,5,0,7,9,0,7,5,0,0.3125,0.09375,0
"491","cv2",6,1,0,0,0,0,1,0,0,1,0,7,2,0,7,2,0,0.0833333333333333,0.166666666666667,0
"492","cv3",2,7,0,0,0,0,0,0,1,7,0,3,14,0,3,9,0,0.1,0.333333333333333,0
"493","cv5",6,11,0,0,0,0,1,0,0,3,0,7,14,0,7,12,0,0.1,0.2,0
"494","cv7",0,0,0,0,2,0,1,0,1,0,0,4,0,0,3,0,0,1,0,0
"495","cv8",1,2,0,0,0,0,0,0,0,1,0,1,3,0,1,3,0,0,0.25,0
"496","cw0",14,22,0,13,0,0,4,0,5,3,0,23,38,0,18,28,0,0.273913043478261,0.442028985507246,0
"497","cw1",0,0,0,2,2,0,2,0,0,2,0,4,4,0,4,4,0,0.571428571428571,0.428571428571429,0
"498","cw2",3,5,2,0,0,0,0,0,0,0,0,3,5,2,3,4,2,0,0,0
"499","cw4",1,0,0,0,0,0,0,0,0,0,0,1,0,0,1,0,0,0,0,0
"500","cw6",2,2,0,1,0,0,1,0,0,0,0,3,3,0,2,3,0,0.25,0.125,0
"501","cw7",0,1,0,0,0,0,0,0,0,1,0,0,2,0,0,2,0,0,0.5,0
"502","cw8",0,0,0,0,0,0,0,0,0,0,0,0,0,0,0,0,0,NA,NA,NA
"503","cw9",4,6,1,0,0,0,0,0,2,0,0,6,6,1,6,6,1,0.2,0,0
"504","cx0",15,15,0,1,2,0,2,3,0,2,0,19,21,0,17,16,0,0.140350877192982,0.0850877192982456,0
"505","cx4",29,32,2,4,0,0,15,0,0,0,0,44,36,2,19,20,2,0.148809523809524,0.109090909090909,0
"506","cx5",0,1,0,0,0,0,0,0,0,0,0,0,1,0,0,1,0,0,0,0
"507","cx6",0,1,0,0,0,0,1,0,0,0,0,1,1,0,1,1,0,0.5,0,0
"508","cx8",2,0,0,0,0,0,0,0,0,0,0,2,0,0,1,0,0,0,0,0
"509","cx9",0,2,0,0,0,0,0,0,0,0,0,0,2,0,0,2,0,0,0,0
"510","cy1",0,0,0,0,0,0,0,0,0,0,0,0,0,0,0,0,0,NA,NA,NA
"511","cy2",7,7,1,1,0,0,0,2,0,1,0,7,11,1,6,8,1,0,0.228571428571429,0
"512","cy3",7,15,2,0,0,0,0,3,0,0,0,7,18,2,6,14,1,0,0.0484848484848485,0
"513","cy5",5,2,0,0,0,0,0,0,0,0,1,5,2,1,5,2,1,0,0,0.2
"514","cy6",4,7,0,0,0,0,1,0,0,0,0,5,7,0,5,3,0,0.125,0,0
"515","cy7",0,4,0,0,0,0,0,0,0,0,0,0,4,0,0,4,0,0,0,0
"516","cz2",1,7,1,0,0,0,0,0,0,0,0,1,7,1,1,7,1,0,0,0
"517","cz3",0,2,1,1,0,0,0,0,1,0,0,1,3,1,1,3,1,0.2,0.2,0
"518","cz4",9,14,2,1,0,0,2,2,1,3,0,12,20,2,10,18,2,0.157894736842105,0.171052631578947,0
"519","cz6",0,3,0,0,0,0,0,0,0,0,1,0,3,1,0,3,1,0,0,0.333333333333333
"520","cz7",0,2,1,0,0,0,0,0,0,0,0,0,2,1,0,2,1,0,0,0
"521","cz8",11,5,0,0,1,0,6,0,2,0,0,20,5,0,9,3,0,0.535714285714286,0,0
"522","cz9",7,5,0,1,0,0,3,2,0,0,0,10,8,0,6,8,0,0.1875,0.1875,0
"523","da0",11,4,1,2,0,0,0,0,0,0,0,11,6,1,2,3,1,0,0.25,0
"524","da3",1,3,0,1,0,0,2,0,0,2,0,3,6,0,3,6,0,0.222222222222222,0.333333333333333,0
"525","da6",11,2,3,0,1,0,1,1,2,0,0,15,3,3,13,3,3,0.1875,0.0625,0
"526","da7",11,2,0,0,0,0,3,4,1,0,0,15,6,0,11,6,0,0.0606060606060606,0.363636363636364,0
"527","da8",0,0,1,0,0,0,0,0,0,0,0,0,0,1,0,0,1,0,0,0
"528","da9",0,5,0,2,1,0,1,0,0,0,0,2,7,0,2,6,0,0.285714285714286,0.285714285714286,0
"529","db1",0,2,0,0,0,0,0,0,0,0,0,0,2,0,0,1,0,0,0,0
"530","db2",2,2,0,0,0,0,1,0,0,0,0,3,2,0,3,2,0,0.25,0,0
"531","db3",0,0,0,0,0,0,0,0,0,0,0,0,0,0,0,0,0,NA,NA,NA
"532","db4",14,4,2,1,3,0,2,0,0,3,0,19,8,2,10,7,2,0.106060606060606,0.222222222222222,0
"533","db5",3,6,0,1,0,0,0,0,2,0,0,5,7,0,4,6,0,0.222222222222222,0.037037037037037,0
"534","db6",9,23,0,0,0,0,2,0,2,1,0,13,24,0,13,14,0,0.184210526315789,0.0526315789473684,0
"535","db8",7,13,0,1,0,0,1,1,2,0,0,10,15,0,9,10,0,0.153846153846154,0.0769230769230769,0
"536","db9",1,0,0,0,1,0,0,0,0,0,0,3,0,0,3,0,0,0.666666666666667,0,0
"537","dc0",13,9,1,0,2,0,1,0,2,0,0,18,9,1,14,7,1,0.145833333333333,0,0
"538","dc1",1,0,1,0,3,0,4,2,0,0,0,8,2,1,5,2,1,0.428571428571429,0.285714285714286,0
"539","dc2",0,0,0,0,0,0,0,0,0,0,0,0,0,0,0,0,0,NA,NA,NA
"540","dc6",4,8,0,0,0,0,4,0,2,2,0,10,10,0,10,7,0,0.384615384615385,0.0512820512820513,0
"541","dd1",1,5,2,0,0,0,0,0,0,0,1,1,5,3,1,5,3,0,0,0.111111111111111
"542","dd3",28,10,1,5,3,0,1,0,0,0,0,32,15,1,21,13,1,0.125,0.116666666666667,0
"543","dd4",3,0,0,0,0,0,0,0,0,0,0,3,0,0,3,0,0,0,0,0
"544","dd5",0,0,0,0,0,0,0,0,1,0,0,1,0,0,1,0,0,1,0,0
"545","dd6",0,0,0,0,0,0,0,0,0,0,0,0,0,0,0,0,0,NA,NA,NA
"546","dd9",8,10,1,2,3,0,6,1,4,2,1,21,15,2,18,12,2,0.4,0.18,0.04
"547","de1",7,2,0,0,0,0,3,0,0,0,0,10,2,0,10,2,0,0.428571428571429,0,0
"548","de2",0,0,0,0,0,0,0,0,0,1,0,0,1,0,0,1,0,0,1,0
"549","de4",3,0,2,0,1,0,1,0,0,0,0,5,0,2,5,0,2,0.133333333333333,0,0
"550","de5",3,9,1,3,0,0,0,0,0,4,0,3,16,1,3,11,1,0,0.375,0
"551","de6",1,3,0,0,0,0,0,0,0,0,0,1,3,0,1,3,0,0,0,0
"552","de7",0,1,0,1,0,0,0,0,0,0,0,0,2,0,0,2,0,0,0.5,0
"553","df0",11,2,0,1,0,0,2,2,0,1,0,13,6,0,10,5,0,0.136363636363636,0.181818181818182,0
"554","df2",2,1,0,0,0,0,1,0,0,0,0,3,1,0,3,1,0,0.25,0,0
"555","df3",12,2,0,1,1,0,4,0,0,1,0,17,4,0,12,4,0,0.3,0.2,0
"556","df4",4,9,0,1,0,0,1,0,1,1,0,6,11,0,6,11,0,0.0714285714285714,0.142857142857143,0
"557","df6",0,1,0,0,1,0,0,0,0,2,0,1,3,0,1,3,0,0.25,0.5,0
"558","df7",2,0,0,0,0,1,0,0,0,0,0,2,0,1,2,0,1,0,0,0.5
"559","df9",4,3,0,2,0,0,0,1,0,0,0,4,6,0,4,6,0,0,0.5,0
"560","dg0",0,1,0,0,0,0,0,0,0,1,0,0,2,0,0,2,0,0,0.5,0
"561","dg2",0,0,1,0,0,0,0,0,0,0,0,0,0,1,0,0,1,0,0,0
"562","dg3",5,7,0,0,1,0,4,0,0,0,1,10,7,1,10,7,1,0.333333333333333,0,0.0666666666666667
"563","dg5",5,13,0,0,0,0,1,0,0,0,0,6,13,0,6,10,0,0.0625,0,0
"564","dg6",3,3,0,0,1,0,1,0,1,1,0,6,4,0,6,3,0,0.416666666666667,0.166666666666667,0
"565","dg7",0,0,0,0,0,0,0,0,0,1,0,0,1,0,0,1,0,0,1,0
"566","dg9",8,5,2,0,0,0,2,0,0,2,0,10,7,2,9,7,2,0.0923076923076923,0.153846153846154,0
"567","dh0",0,0,0,0,0,0,0,0,0,0,0,0,0,0,0,0,0,NA,NA,NA
"568","dh1",8,5,0,0,0,0,1,0,0,0,0,9,5,0,9,5,0,0.0416666666666667,0,0
"569","dh2",0,6,0,0,0,0,0,0,0,0,0,0,6,0,0,3,0,0,0,0
"570","dh6",4,26,0,0,0,0,1,2,0,1,0,5,29,0,4,16,0,0.0833333333333333,0.138888888888889,0
"571","dh7",1,0,0,0,0,0,0,0,1,0,0,2,0,0,2,0,0,0.5,0,0
"572","dh8",7,4,0,0,1,0,4,0,0,0,0,12,4,0,9,4,0,0.333333333333333,0,0
"573","dh9",8,4,0,0,0,0,2,0,0,0,0,10,4,0,8,4,0,0.166666666666667,0,0
"574","di0",2,2,0,3,0,0,0,1,0,0,0,2,6,0,2,5,0,0,0.4,0
"575","di1",3,3,2,0,0,0,0,0,0,0,0,3,3,2,3,3,2,0,0,0
"576","di2",8,12,0,0,1,0,7,1,0,2,0,16,15,0,11,9,0,0.36969696969697,0.181818181818182,0
"577","di3",31,15,1,5,4,0,2,2,0,0,0,37,22,1,21,18,1,0.185185185185185,0.240740740740741,0
"578","di6",0,0,0,0,0,0,0,0,0,0,0,0,0,0,0,0,0,NA,NA,NA
"579","di7",4,7,0,0,0,0,0,1,6,2,0,10,10,0,10,9,0,0.375,0.1875,0
"580","di8",5,0,0,0,1,0,0,0,0,0,0,6,0,0,4,0,0,0.125,0,0
"581","dj0",24,7,0,0,0,0,5,0,1,2,0,30,9,0,11,6,0,0.174537037037037,0.111111111111111,0
"582","dj3",0,0,0,0,0,0,0,0,0,0,0,0,0,0,0,0,0,NA,NA,NA
"583","dj5",0,0,0,0,0,0,0,1,1,0,0,1,1,0,1,1,0,0.5,0.5,0
"584","dj6",6,5,1,5,0,0,1,0,2,2,0,9,12,1,7,11,1,0.125,0.375,0
"585","dj7",0,1,0,0,0,0,0,0,0,0,0,0,1,0,0,1,0,0,0,0
"586","dj8",0,2,0,0,0,0,0,0,0,0,0,0,2,0,0,2,0,0,0,0
"587","dj9",17,20,0,3,0,0,3,1,0,0,0,20,24,0,19,18,0,0.0714285714285714,0.076984126984127,0
"588","dk0",4,0,0,0,0,0,0,1,3,1,0,7,2,0,6,2,0,0.25,0.333333333333333,0
"589","dk3",2,4,0,1,0,0,0,0,0,0,0,2,5,0,2,5,0,0,0.166666666666667,0
"590","dk5",6,0,0,2,0,0,1,0,0,0,0,7,2,0,5,2,0,0.0833333333333333,1,0
"591","dk6",1,4,0,0,0,0,3,0,1,2,0,5,6,0,5,5,0,0.5,0.0952380952380952,0
"592","dk9",0,0,0,0,0,0,0,0,0,0,0,0,0,0,0,0,0,NA,NA,NA
"593","dl1",17,1,0,0,0,0,2,0,0,0,0,19,1,0,8,1,0,0.0703703703703704,0,0
"594","dl2",0,0,0,0,0,0,0,0,0,0,0,0,0,0,0,0,0,NA,NA,NA
"595","dl3",0,1,1,0,0,0,0,1,0,0,0,0,2,1,0,2,1,0,0.25,0
"596","dl5",2,2,0,0,0,0,0,0,0,0,0,2,2,0,2,2,0,0,0,0
"597","dl7",1,4,0,3,0,0,0,0,0,0,0,1,7,0,1,7,0,0,0.333333333333333,0
"598","dl8",2,0,0,0,0,0,0,0,0,1,0,2,1,0,1,1,0,0,0.5,0
"599","dl9",3,4,0,0,0,0,0,0,0,0,0,3,4,0,3,2,0,0,0,0
"600","dm2",4,2,1,0,1,0,0,0,0,3,0,5,5,1,4,4,1,0.1,0.6,0
"601","dm3",4,2,0,0,0,0,3,1,1,0,0,8,3,0,6,3,0,0.361111111111111,0.0833333333333333,0
"602","dm4",12,12,0,0,1,0,3,0,0,0,1,16,12,1,15,11,1,0.148148148148148,0,0.0555555555555556
"603","dm8",13,10,0,2,0,0,2,1,1,0,1,16,13,1,13,11,1,0.0952380952380952,0.142857142857143,0.0714285714285714
"604","dn0",8,6,0,0,0,0,0,0,0,2,0,8,8,0,8,8,0,0,0.15,0
"605","dn1",3,2,0,0,0,0,1,0,0,0,0,4,2,0,4,2,0,0.166666666666667,0,0
"606","dn2",0,4,0,0,0,0,0,0,0,2,0,0,6,0,0,4,0,0,0.333333333333333,0
"607","dn4",7,4,0,0,0,0,0,1,0,0,0,7,5,0,5,5,0,0,0.0666666666666667,0
"608","dn5",0,0,0,0,0,0,0,0,0,0,0,0,0,0,0,0,0,NA,NA,NA
"609","dn6",5,3,0,0,0,0,2,0,1,0,0,8,3,0,7,3,0,0.2,0,0
"610","dn7",4,1,0,0,0,0,4,0,0,0,0,8,1,0,4,1,0,0.333333333333333,0,0
"611","dn8",55,24,3,0,2,0,1,0,1,3,0,59,27,3,18,11,3,0.102864583333333,0.09375,0
"612","do0",3,4,1,0,0,0,0,0,0,1,0,3,5,1,3,5,1,0,0.166666666666667,0
"613","do1",3,5,0,1,0,0,0,0,0,8,0,3,15,0,3,11,0,0,0.485714285714286,0
"614","do3",5,2,0,0,0,0,0,0,0,1,0,5,3,0,4,3,0,0,0.1,0
"615","do4",0,0,0,0,0,0,0,0,0,0,0,0,0,0,0,0,0,NA,NA,NA
"616","do5",6,4,0,0,0,0,0,2,0,0,0,6,6,0,3,6,0,0,0.2,0
"617","do6",1,1,0,0,0,0,0,0,0,0,0,1,1,0,1,1,0,0,0,0
"618","do7",3,6,0,2,0,0,5,0,1,0,0,9,8,0,8,8,0,0.466666666666667,0.1,0
"619","do9",12,5,0,0,0,0,0,1,0,2,0,12,8,0,9,8,0,0,0.230769230769231,0
"620","dp1",7,12,0,0,0,0,0,0,0,4,2,7,16,2,4,8,2,0,0.380952380952381,0.333333333333333
"621","dp2",15,7,0,7,0,0,5,1,0,0,0,20,15,0,13,10,0,0.242424242424242,0.295454545454545,0
"622","dp3",0,2,0,0,0,0,0,0,1,0,0,1,2,0,1,2,0,1,0,0
"623","dp4",0,0,0,0,0,0,0,0,0,0,0,0,0,0,0,0,0,NA,NA,NA
"624","dp5",2,7,0,0,1,0,3,0,0,3,0,6,10,0,6,7,0,0.363636363636364,0.0909090909090909,0
"625","dp7",12,12,0,8,1,0,0,0,0,1,0,13,21,0,10,13,0,0.0714285714285714,0.154761904761905,0
"626","dp9",14,7,1,0,1,0,1,5,1,4,0,17,16,1,11,11,1,0.1875,0.477777777777778,0
"627","dq0",1,0,0,0,0,0,0,0,0,0,0,1,0,0,1,0,0,0,0,0
"628","dq4",0,1,0,0,0,0,0,0,0,0,0,0,1,0,0,1,0,0,0,0
"629","dq7",0,0,0,0,0,0,0,0,0,1,0,0,1,0,0,1,0,0,1,0
"630","dq9",47,27,1,4,1,0,5,8,2,1,3,55,40,4,31,31,4,0.128048780487805,0.235772357723577,0.0731707317073171
"631","dr0",2,1,0,0,0,0,0,0,0,0,0,2,1,0,2,1,0,0,0,0
"632","dr1",5,3,1,0,0,0,2,0,0,0,0,7,3,1,7,2,1,0.214285714285714,0,0
"633","dr2",0,7,0,0,0,0,0,0,0,0,0,0,7,0,0,7,0,0,0,0
"634","dr3",2,1,0,0,0,0,0,0,2,0,0,5,1,0,4,1,0,0.583333333333333,0,0
"635","dr5",9,8,2,1,0,0,0,11,1,0,0,10,20,2,7,13,2,0.0151515151515152,0.275252525252525,0
"636","dr8",1,0,0,1,0,0,0,0,1,0,0,2,1,0,2,1,0,0.5,0.5,0
"637","ds0",5,2,1,0,0,0,2,0,0,0,1,7,2,2,5,1,2,0.208333333333333,0,0.166666666666667
"638","ds2",6,0,0,0,0,0,1,0,0,0,0,7,0,0,5,0,0,0.0833333333333333,0,0
"639","ds3",6,7,0,7,0,0,2,0,0,0,1,8,14,1,5,7,1,0.166666666666667,0.296875,0.125
"640","ds5",0,0,0,0,0,0,0,0,0,0,0,0,0,0,0,0,0,NA,NA,NA
"641","ds6",1,3,0,1,0,0,2,0,0,0,2,3,4,2,3,4,2,0.214285714285714,0.142857142857143,0.285714285714286
"642","ds8",0,0,0,0,0,0,0,0,0,0,0,0,0,0,0,0,0,NA,NA,NA
"643","ds9",1,2,1,1,0,0,1,1,0,0,0,2,4,1,2,4,1,0.166666666666667,0.333333333333333,0
"644","dt0",0,0,0,0,0,0,0,0,0,0,0,0,0,0,0,0,0,NA,NA,NA
"645","dt1",10,6,0,0,0,0,0,0,1,1,0,11,7,0,6,4,0,0.166666666666667,0.166666666666667,0
"646","dt3",1,5,0,1,0,0,1,1,3,0,0,5,7,0,5,7,0,0.4,0.2,0
"647","dt4",1,7,4,0,0,0,3,0,0,0,0,4,7,4,4,6,3,0.230769230769231,0,0
"648","dt5",3,0,0,0,0,0,1,2,1,0,0,5,2,0,5,1,0,0.5,0.333333333333333,0
"649","dt6",5,9,0,1,0,0,0,0,0,0,0,5,10,0,5,9,0,0,0.0416666666666667,0
"650","dt8",5,1,1,0,1,0,1,0,0,0,0,7,1,1,6,1,1,0.25,0,0
"651","du2",0,1,0,0,0,0,0,0,0,0,0,0,1,0,0,1,0,0,0,0
"652","du3",3,1,0,0,0,0,1,0,2,0,0,6,1,0,6,1,0,0.416666666666667,0,0
"653","du4",1,0,0,1,0,0,2,0,0,0,0,3,1,0,3,1,0,0.5,0.25,0
"654","du5",0,1,0,0,0,0,1,0,0,0,0,1,1,0,1,1,0,0.5,0,0
"655","du6",1,0,0,0,0,0,0,0,0,0,0,1,0,0,1,0,0,0,0,0
"656","du7",8,1,0,1,0,0,5,0,2,3,0,15,5,0,13,5,0,0.5,0.444444444444444,0
"657","du8",2,1,0,0,2,0,0,0,2,0,0,6,1,0,6,1,0,0.571428571428571,0,0
"658","du9",16,7,1,0,0,0,4,1,2,2,0,22,10,1,13,8,1,0.200925925925926,0.166666666666667,0
"659","dv0",1,1,0,0,0,0,1,0,0,0,0,2,1,0,2,1,0,0.333333333333333,0,0
"660","dv1",14,18,1,9,1,0,5,7,0,5,0,20,39,1,14,32,1,0.147959183673469,0.425595238095238,0
"661","dv4",0,0,0,0,0,0,0,0,0,0,0,0,0,0,0,0,0,NA,NA,NA
"662","dv7",0,7,0,2,1,0,0,0,0,0,0,1,9,0,1,7,0,0.2,0.0666666666666667,0
"663","dv8",3,7,2,2,1,0,0,0,2,3,0,6,12,2,6,9,2,0.25,0.35,0
"664","dv9",6,0,0,0,0,0,0,0,0,0,0,6,0,0,6,0,0,0,0,0
"665","dw0",7,7,1,4,1,0,3,1,0,4,0,11,16,1,9,11,1,0.196078431372549,0.352941176470588,0
"666","dw2",3,5,0,0,0,0,2,3,2,0,0,7,8,0,6,7,0,0.4,0.2,0
"667","dw3",3,4,0,0,0,0,2,0,1,0,1,6,4,1,5,3,1,0.233333333333333,0,0.166666666666667
"668","dw6",7,1,0,0,0,0,0,0,0,0,0,7,1,0,2,1,0,0,0,0
"669","dw7",4,4,0,0,0,0,1,0,2,0,1,7,4,1,5,4,1,0.333333333333333,0,0.111111111111111
"670","dw9",0,0,4,0,0,1,0,0,0,0,0,0,0,5,0,0,3,0,0,0.333333333333333
"671","dx1",3,0,0,0,0,0,0,0,0,0,0,3,0,0,3,0,0,0,0,0
"672","dx2",0,0,0,0,0,0,0,0,0,0,0,0,0,0,0,0,0,NA,NA,NA
"673","dx3",0,2,0,0,0,0,1,0,1,0,0,2,2,0,2,2,0,0.5,0,0
"674","dx4",1,7,0,1,0,0,9,0,0,3,0,10,11,0,7,11,0,0.428571428571429,0.25,0
"675","dx5",3,14,0,4,1,0,0,0,0,0,0,4,18,0,4,17,0,0.0416666666666667,0.125,0
"676","dx6",1,5,0,0,0,0,0,0,0,0,1,1,5,1,1,4,1,0,0,0.166666666666667
"677","dx7",14,9,0,0,0,0,0,0,2,0,0,16,9,0,12,8,0,0.0833333333333333,0,0
"678","dx8",0,0,0,0,0,0,0,0,0,0,0,0,0,0,0,0,0,NA,NA,NA
"679","dx9",2,0,0,0,0,0,0,0,0,0,0,2,0,0,1,0,0,0,0,0
"680","dy0",0,0,0,0,0,0,0,0,0,0,0,0,0,0,0,0,0,NA,NA,NA
"681","dy4",1,2,0,0,0,0,0,0,0,0,0,1,2,0,1,2,0,0,0,0
"682","dy7",24,11,0,1,0,0,9,0,0,0,0,33,12,0,22,12,0,0.178095238095238,0.04,0
"683","dz0",4,0,0,0,0,0,1,0,2,0,1,7,0,1,5,0,1,0.733333333333333,0,0.333333333333333
"684","dz1",0,4,0,1,0,0,0,0,0,1,0,0,6,0,0,6,0,0,0.333333333333333,0
"685","dz3",0,0,0,0,0,0,0,0,0,0,0,0,0,0,0,0,0,NA,NA,NA
"686","dz5",1,0,1,0,0,0,0,0,0,0,0,1,0,1,1,0,1,0,0,0
"687","dz7",0,0,0,0,0,0,0,0,0,0,0,0,0,0,0,0,0,NA,NA,NA
"688","dz8",0,0,2,0,0,0,0,0,0,0,0,0,0,2,0,0,2,0,0,0
"689","dz9",11,13,0,2,0,0,35,0,4,0,0,50,15,0,29,12,0,0.615117521367521,0.0416666666666667,0
"690","ea0",2,0,0,0,1,0,0,0,0,0,0,3,0,0,3,0,0,0.333333333333333,0,0
"691","ea2",0,0,0,0,0,0,0,0,0,0,0,0,0,0,0,0,0,NA,NA,NA
"692","ea3",4,0,0,0,0,0,0,0,2,0,0,6,0,0,6,0,0,0.333333333333333,0,0
"693","ea4",13,12,0,5,6,0,4,1,4,3,0,27,21,0,27,15,0,0.319047619047619,0.228571428571429,0
"694","ea5",23,6,0,0,0,0,3,0,0,0,1,28,6,1,22,6,1,0.141176470588235,0,0.0588235294117647
"695","ea7",3,4,0,0,0,0,3,0,0,2,0,6,6,0,6,6,0,0.357142857142857,0.0714285714285714,0
"696","ea9",18,80,6,18,0,0,4,0,0,4,0,22,102,6,20,42,6,0.0694444444444444,0.183245149911817,0
"697","eb3",0,3,0,0,0,0,0,0,0,0,0,0,3,0,0,2,0,0,0,0
"698","eb4",1,3,0,0,0,0,0,0,0,0,0,1,3,0,1,2,0,0,0,0
"699","eb5",2,2,0,0,0,0,0,0,0,0,0,2,2,0,2,2,0,0,0,0
"700","eb6",8,33,0,2,0,0,0,0,0,0,0,8,35,0,7,20,0,0,0.0166666666666667,0
"701","eb7",0,0,0,0,0,0,0,0,0,0,0,0,0,0,0,0,0,NA,NA,NA
"702","eb9",2,2,0,1,0,0,1,0,0,0,0,3,3,0,2,3,0,0.0833333333333333,0.25,0
"703","ec0",0,0,0,1,0,0,0,0,0,0,0,0,1,0,0,1,0,0,1,0
"704","ec1",0,6,0,3,1,0,1,0,1,1,0,3,10,0,3,9,0,0.375,0.4375,0
"705","ec5",7,4,1,0,0,0,0,0,0,1,1,7,5,2,6,4,2,0,0.125,0.125
"706","ec7",0,0,0,0,0,0,0,0,0,0,0,0,0,0,0,0,0,NA,NA,NA
"707","ec9",0,10,4,0,0,0,3,0,1,1,0,4,11,4,4,11,4,0.363636363636364,0.0454545454545455,0
"708","ed1",13,3,0,6,0,0,3,0,2,1,0,18,10,0,7,8,0,0.113690476190476,0.5,0
"709","ed2",3,1,0,0,0,0,1,0,2,1,0,6,2,0,5,2,0,0.166666666666667,0.333333333333333,0
"710","ed3",1,6,0,2,1,0,0,1,0,0,0,2,9,0,2,7,0,0.2,0.44,0
"711","ed7",8,3,0,2,0,0,0,0,0,1,0,8,6,0,1,5,0,0,0.75,0
"712","ed8",12,18,1,6,0,0,2,0,1,1,0,15,25,1,10,16,1,0.0482456140350877,0.212280701754386,0
"713","ee1",2,1,0,1,1,0,0,3,0,0,2,3,5,2,3,3,1,0.25,0.25,0.25
"714","ee3",3,2,0,0,1,0,0,1,2,0,0,6,3,0,6,3,0,0.238095238095238,0.142857142857143,0
"715","ee4",2,0,0,0,0,0,0,0,0,0,0,2,0,0,1,0,0,0,0,0
"716","ee5",5,10,0,6,1,1,1,0,1,0,0,8,16,1,8,10,1,0.208333333333333,0.204166666666667,0.0833333333333333
"717","ee7",1,0,0,2,0,0,1,1,0,0,0,2,3,0,2,2,0,0.25,0.5,0
"718","ee8",0,2,0,0,0,0,0,0,0,1,0,0,3,0,0,3,0,0,0.25,0
"719","ee9",0,2,0,0,0,0,1,0,0,0,0,1,2,0,1,2,0,0.5,0,0
"720","ef0",5,2,0,0,1,0,6,1,0,0,0,12,3,0,9,3,0,0.3875,0.0625,0
"721","ef1",2,3,0,0,1,0,0,0,0,0,0,3,3,0,3,2,0,0.111111111111111,0,0
"722","ef2",0,4,0,0,0,0,0,0,0,0,0,0,4,0,0,4,0,0,0,0
"723","ef3",11,9,0,0,2,0,0,1,1,0,0,14,10,0,11,9,0,0.107142857142857,0.0714285714285714,0
"724","ef4",1,1,1,0,0,0,0,0,0,0,0,1,1,1,1,1,1,0,0,0
"725","ef6",3,12,0,0,1,0,1,0,0,0,0,5,12,0,5,9,0,0.136363636363636,0,0
"726","ef9",7,0,0,0,0,0,1,0,0,0,0,8,0,0,5,0,0,0.25,0,0
"727","eg2",2,3,0,0,0,0,0,0,0,0,0,2,3,0,2,3,0,0,0,0
"728","eg3",0,0,0,0,0,0,0,0,0,0,0,0,0,0,0,0,0,NA,NA,NA
"729","eg4",0,0,0,0,0,0,0,0,0,0,0,0,0,0,0,0,0,NA,NA,NA
"730","eg5",4,0,0,0,0,0,0,0,0,0,0,4,0,0,4,0,0,0,0,0
"731","eg8",5,1,0,0,0,0,0,0,0,0,0,5,1,0,2,1,0,0,0,0
"732","eh0",5,18,0,2,0,0,0,0,0,0,0,5,20,0,5,15,0,0,0.0833333333333333,0
"733","eh2",0,0,0,0,0,0,0,0,0,0,0,0,0,0,0,0,0,NA,NA,NA
"734","eh4",7,7,1,0,0,0,1,0,0,2,0,8,9,1,7,9,1,0.025,0.2,0
"735","eh6",0,0,0,0,0,0,0,0,0,0,0,0,0,0,0,0,0,NA,NA,NA
"736","eh7",1,0,0,0,0,0,0,0,2,0,0,3,0,0,3,0,0,0.75,0,0
"737","eh8",1,1,0,0,0,0,1,0,0,0,0,2,1,0,2,1,0,0.333333333333333,0,0
"738","eh9",0,0,0,0,0,0,0,0,0,0,0,0,0,0,0,0,0,NA,NA,NA
"739","ei0",11,0,0,0,0,0,1,1,1,0,0,13,1,0,8,1,0,0.2,0.2,0
"740","ei2",9,10,1,0,3,0,0,1,1,2,0,13,13,1,11,10,1,0.307692307692308,0.153846153846154,0
"741","ei3",4,2,1,0,0,0,0,0,4,0,0,8,2,1,7,1,1,0.333333333333333,0,0
"742","ei5",0,0,0,1,0,0,0,0,0,0,0,0,1,0,0,1,0,0,1,0
"743","ei7",0,0,0,0,0,0,0,0,0,0,0,0,0,0,0,0,0,NA,NA,NA
"744","ei8",16,4,1,1,4,0,1,0,2,1,1,23,6,2,20,5,2,0.260416666666667,0.125,0.0625
"745","ej0",0,0,0,0,0,0,0,0,0,0,0,0,0,0,0,0,0,NA,NA,NA
"746","ej1",0,1,0,0,1,0,0,0,1,0,0,2,1,0,2,1,0,0.666666666666667,0,0
"747","ej2",1,1,1,0,0,0,1,0,0,0,0,2,1,1,2,1,1,0.333333333333333,0,0
"748","ej5",14,7,1,0,1,0,7,1,2,0,0,24,8,1,23,7,1,0.375,0.03125,0
"749","ej8",1,1,0,0,0,0,0,0,0,0,0,1,1,0,1,1,0,0,0,0
"750","ej9",5,2,0,1,0,0,1,0,0,1,0,6,4,0,4,4,0,0.0666666666666667,0.444444444444444,0
"751","ek1",3,4,0,1,0,0,0,0,0,0,0,3,5,0,3,4,0,0,0.142857142857143,0
"752","ek3",1,0,2,0,1,0,0,0,0,0,0,2,0,2,2,0,2,0.25,0,0
"753","ek5",1,8,0,0,0,0,0,0,0,0,0,1,8,0,1,5,0,0,0,0
"754","ek6",5,9,1,0,0,0,1,0,2,3,0,8,12,1,8,9,1,0.178571428571429,0.166666666666667,0
"755","ek7",0,1,0,0,0,0,0,0,0,0,0,0,1,0,0,1,0,0,0,0
"756","ek8",2,2,0,0,1,0,2,0,0,0,0,5,2,0,5,2,0,0.428571428571429,0,0
"757","el0",1,0,0,0,0,0,1,0,0,0,0,2,0,0,2,0,0,0.5,0,0
"758","el2",7,7,2,4,5,0,3,0,3,0,0,18,11,2,17,11,2,0.342105263157895,0.184210526315789,0
"759","el3",0,0,0,0,0,0,0,0,0,0,0,0,0,0,0,0,0,NA,NA,NA
"760","el5",1,0,0,0,0,0,0,0,0,0,0,1,0,0,1,0,0,0,0,0
"761","el7",3,3,0,0,0,0,0,0,0,1,0,3,4,0,3,4,0,0,0.166666666666667,0
"762","el8",1,0,0,1,0,0,1,0,0,0,0,2,1,0,2,1,0,0.333333333333333,0.333333333333333,0
"763","el9",4,3,0,3,0,0,0,0,0,0,0,4,6,0,3,6,0,0,0.4,0
"764","em0",3,5,0,0,0,0,1,0,0,0,0,4,5,0,3,5,0,0.142857142857143,0,0
"765","em1",1,2,0,0,0,0,1,0,0,0,0,2,2,0,2,2,0,0.25,0,0
"766","em5",2,5,0,0,0,0,1,0,0,0,0,3,5,0,3,5,0,0.142857142857143,0,0
"767","em6",1,0,0,0,0,0,0,0,0,0,0,1,0,0,1,0,0,0,0,0
"768","em7",2,1,0,0,0,0,1,0,0,1,0,3,2,0,3,2,0,0.25,0.25,0
"769","em8",2,3,0,1,0,0,2,0,0,0,0,4,4,0,4,4,0,0.4,0.0666666666666667,0
"770","en1",0,0,0,0,0,0,0,0,0,0,1,0,0,1,0,0,1,0,0,1
"771","en2",9,4,0,1,0,0,0,0,1,1,0,10,6,0,8,6,0,0.0454545454545455,0.181818181818182,0
"772","en3",5,0,0,0,0,0,0,0,0,0,0,5,0,0,3,0,0,0,0,0
"773","en4",7,16,1,0,2,0,1,1,0,3,0,10,20,1,10,18,1,0.09375,0.15625,0
"774","en8",7,0,0,1,0,0,0,0,0,0,0,7,1,0,1,1,0,0,1,0
"775","en9",1,1,0,0,0,0,5,1,0,0,0,6,2,0,3,2,0,0.833333333333333,0.5,0
"776","eo1",1,4,0,1,0,0,0,0,0,1,0,1,6,0,1,6,0,0,0.375,0
"777","eo2",7,2,0,0,0,0,3,0,5,3,1,15,5,1,14,5,1,0.363636363636364,0.227272727272727,0.0909090909090909
"778","eo5",2,4,0,1,0,0,2,0,0,0,0,4,5,0,4,5,0,0.285714285714286,0.142857142857143,0
"779","eo8",0,1,0,0,0,0,2,0,4,0,0,6,1,0,6,1,0,0.75,0,0
"780","ep1",5,5,0,1,0,0,1,3,1,1,0,7,10,0,7,9,0,0.1875,0.291666666666667,0
"781","ep2",0,4,0,2,0,0,2,0,0,1,0,2,7,0,1,6,0,0.166666666666667,0.416666666666667,0
"782","ep4",9,6,3,0,0,0,2,1,4,0,1,15,7,4,14,6,4,0.210526315789474,0.0526315789473684,0.0526315789473684
"783","ep6",0,0,0,0,0,0,0,0,0,0,0,0,0,0,0,0,0,NA,NA,NA
"784","eq0",4,4,0,0,0,0,0,2,1,0,0,5,6,0,5,4,0,0.125,0.25,0
"785","eq1",0,4,3,0,0,0,0,0,0,0,0,0,4,3,0,4,3,0,0,0
"786","eq2",2,0,0,0,0,0,0,0,0,0,0,2,0,0,2,0,0,0,0,0
"787","eq4",2,0,0,0,0,0,0,0,0,0,0,2,0,0,2,0,0,0,0,0
"788","eq6",0,0,0,0,0,0,0,0,0,0,0,0,0,0,0,0,0,NA,NA,NA
"789","eq8",48,3,0,1,0,0,15,0,7,1,1,70,5,1,35,5,1,0.369939393939394,0.08,0.04
"790","er2",1,1,0,0,0,0,0,0,0,0,0,1,1,0,1,1,0,0,0,0
"791","er3",3,11,0,0,0,0,0,0,0,2,0,3,13,0,3,9,0,0,0.0714285714285714,0
"792","er4",2,0,0,0,0,0,0,0,2,0,0,4,0,0,4,0,0,0.5,0,0
"793","er5",29,3,0,1,5,0,5,0,2,1,0,41,5,0,15,5,0,0.204861111111111,0.25,0
"794","er9",0,0,0,0,0,0,1,0,0,0,0,1,0,0,1,0,0,1,0,0
"795","es0",4,6,0,0,0,0,0,0,0,0,0,4,6,0,4,6,0,0,0,0
"796","es2",2,2,0,1,0,0,0,0,1,0,0,3,3,0,3,3,0,0.2,0.1,0
"797","es4",13,11,0,0,0,0,10,2,0,1,0,23,14,0,18,14,0,0.232638888888889,0.0972222222222222,0
"798","es5",0,0,0,0,0,0,4,0,1,0,0,5,0,0,3,0,0,1,0,0
"799","es6",1,0,0,1,0,0,1,0,0,0,0,2,1,0,2,1,0,0.5,0.5,0
"800","es7",0,1,0,0,0,0,0,0,0,0,0,0,1,0,0,1,0,0,0,0
"801","es9",28,13,3,11,2,0,4,2,1,3,1,35,29,4,22,21,4,0.134615384615385,0.288461538461538,0.0384615384615385
"802","et0",2,2,0,0,0,0,2,0,0,0,0,4,2,0,4,2,0,0.25,0,0
"803","et1",0,5,0,8,0,0,3,0,0,0,0,3,13,0,3,12,0,0.3,0.6,0
"804","et3",5,3,0,0,0,0,0,1,1,0,1,6,4,1,4,4,1,0.111111111111111,0.111111111111111,0.111111111111111
"805","et4",4,12,4,2,0,0,1,1,0,0,0,5,15,4,5,10,4,0.0833333333333333,0.0972222222222222,0
"806","et5",16,11,4,3,2,0,3,0,4,0,2,25,14,6,16,10,6,0.25,0.0694444444444444,0.0833333333333333
"807","et6",0,0,0,0,0,0,0,0,0,0,0,0,0,0,0,0,0,NA,NA,NA
"808","et8",4,12,1,7,4,0,1,0,0,1,0,9,20,1,9,17,1,0.227272727272727,0.193181818181818,0
"809","eu0",13,2,0,0,0,0,15,0,0,0,0,28,2,0,14,2,0,0.495867768595041,0,0
"810","eu1",0,0,0,0,0,0,0,0,0,0,0,0,0,0,0,0,0,NA,NA,NA
"811","eu2",0,0,0,0,0,0,0,0,0,0,0,0,0,0,0,0,0,NA,NA,NA
"812","eu5",0,0,0,0,0,0,0,0,0,0,0,0,0,0,0,0,0,NA,NA,NA
"813","eu6",0,2,0,0,1,0,0,0,0,0,0,1,2,0,1,1,0,0.5,0,0
"814","eu7",0,2,0,0,0,0,0,0,0,0,0,0,2,0,0,2,0,0,0,0
"815","eu8",0,4,0,0,0,0,3,2,0,0,0,3,6,0,2,5,0,0.333333333333333,0.333333333333333,0
"816","eu9",0,0,0,2,0,0,4,0,0,0,0,4,2,0,3,2,0,0.6,0.4,0
"817","ev0",3,1,0,0,0,0,0,0,0,0,0,3,1,0,3,1,0,0,0,0
"818","ev4",1,7,0,0,0,0,0,0,0,0,0,1,7,0,1,6,0,0,0,0
"819","ev5",7,1,2,0,1,0,0,0,1,0,2,9,1,4,6,1,3,0.3,0,0.1
"820","ev6",1,3,0,1,0,0,0,0,0,4,0,1,8,0,1,8,0,0,0.5625,0
"821","ev7",2,9,0,0,3,0,12,0,0,0,0,17,9,0,13,9,0,0.642857142857143,0,0
"822","ev9",5,4,0,4,0,0,0,0,0,4,0,5,12,0,5,12,0,0,0.5,0
"823","ew2",4,1,0,0,0,0,0,0,0,0,0,4,1,0,2,1,0,0,0,0
"824","ew4",0,1,1,0,0,0,1,0,0,1,0,1,2,1,1,2,1,0.25,0.25,0
"825","ew6",2,0,0,0,0,0,0,0,0,0,0,2,0,0,1,0,0,0,0,0
"826","ew7",0,2,0,0,0,0,0,0,0,0,1,0,2,1,0,2,1,0,0,0.333333333333333
"827","ew8",1,0,0,0,0,0,0,0,0,0,0,1,0,0,1,0,0,0,0,0
"828","ew9",4,2,0,0,0,0,0,0,1,0,0,5,2,0,4,2,0,0.2,0,0
"829","ex0",1,1,1,0,0,0,0,0,0,0,0,1,1,1,1,1,1,0,0,0
"830","ex3",5,8,0,4,0,0,2,0,3,0,0,10,12,0,9,7,0,0.270833333333333,0.0714285714285714,0
"831","ex6",2,1,0,0,0,0,1,0,1,1,0,4,2,0,4,2,0,0.5,0.125,0
"832","ex7",1,1,0,0,0,0,0,0,0,0,0,1,2,0,1,2,0,0,0.5,0
"833","ex9",2,2,0,0,0,0,1,1,0,1,0,3,4,0,3,4,0,0.166666666666667,0.166666666666667,0
"834","ey0",0,0,0,0,0,0,0,0,0,0,0,0,0,0,0,0,0,NA,NA,NA
"835","ey2",9,0,1,2,0,0,11,0,1,0,0,21,2,1,15,2,1,0.464285714285714,0.222222222222222,0
"836","ey3",3,1,2,0,1,0,0,0,0,0,0,4,1,2,4,1,2,0.125,0,0
"837","ey4",0,0,0,0,0,0,0,0,0,0,0,0,0,0,0,0,0,NA,NA,NA
"838","ey8",4,0,0,0,0,0,1,0,0,0,0,5,0,0,3,0,0,0.333333333333333,0,0
"839","ey9",1,0,0,0,0,0,0,0,0,0,2,1,0,2,1,0,2,0,0,0.666666666666667
"840","ez2",2,0,0,0,0,0,0,0,0,0,0,2,0,0,1,0,0,0,0,0
"841","ez3",0,3,0,0,0,0,0,0,0,0,0,0,3,0,0,3,0,0,0,0
"842","ez5",1,14,0,1,0,0,1,0,2,2,0,4,17,0,4,17,0,0.227272727272727,0.166666666666667,0
"843","ez6",12,1,5,0,1,0,1,1,1,1,0,15,3,5,13,3,3,0.176470588235294,0.0588235294117647,0
"844","ez7",0,0,1,0,1,0,0,0,0,0,0,1,0,1,1,0,1,0.5,0,0
"845","ez8",1,0,0,0,0,0,0,0,0,0,0,1,0,0,1,0,0,0,0,0
"846","fa0",1,1,0,0,0,0,1,0,0,0,0,2,1,0,2,1,0,0.25,0,0
"847","fa2",7,10,6,12,0,0,7,0,2,1,1,16,23,7,12,15,3,0.182539682539683,0.301587301587302,0.0476190476190476
"848","fa4",5,9,0,0,0,0,0,1,1,0,0,6,10,0,5,8,0,0.111111111111111,0.0555555555555556,0
"849","fa5",0,0,1,0,0,0,0,0,0,0,1,0,0,2,0,0,2,0,0,0.5
"850","fa6",0,0,0,0,0,0,0,0,0,0,0,0,0,0,0,0,0,NA,NA,NA
"851","fa9",9,4,1,0,6,0,5,0,0,0,3,20,4,4,12,4,4,0.1975,0,0.3
"852","fb1",0,5,0,0,0,0,0,0,0,3,0,0,8,0,0,8,0,0,0.3,0
"853","fb3",3,0,0,0,0,0,1,1,2,1,0,6,2,0,6,2,0,0.25,0.333333333333333,0
"854","fb4",5,4,0,0,1,0,0,1,2,1,0,8,6,0,7,6,0,0.166666666666667,0.166666666666667,0
"855","fb5",1,0,0,0,0,0,0,0,0,0,0,1,0,0,1,0,0,0,0,0
"856","fb8",0,0,0,0,0,0,0,0,0,0,0,0,0,0,0,0,0,NA,NA,NA
"857","fb9",1,0,0,0,0,0,0,0,0,0,0,1,0,0,1,0,0,0,0,0
"858","fc0",0,0,0,0,0,0,0,0,0,0,0,0,0,0,0,0,0,NA,NA,NA
"859","fc1",8,0,3,0,0,0,0,0,0,0,0,8,0,3,8,0,3,0,0,0
"860","fc5",3,5,1,0,0,0,0,2,0,0,0,3,7,1,3,5,1,0,0.2,0
"861","fc7",4,0,0,0,1,0,0,0,0,0,0,5,0,0,5,0,0,0.333333333333333,0,0
"862","fc9",0,1,0,0,0,0,0,0,0,4,2,0,5,2,0,3,1,0,0.5,0.25
"863","fd1",0,1,0,0,0,0,0,0,0,0,0,0,1,0,0,1,0,0,0,0
"864","fd2",0,0,0,0,0,0,0,0,0,0,0,0,0,0,0,0,0,NA,NA,NA
"865","fd3",2,0,0,0,0,0,0,0,0,0,0,2,0,0,2,0,0,0,0,0
"866","fd6",8,2,1,1,0,0,2,0,0,0,0,10,3,1,8,3,1,0.166666666666667,0.0833333333333333,0
"867","fd7",0,2,0,0,0,0,0,0,0,0,0,0,2,0,0,2,0,0,0,0
"868","fd8",1,0,0,0,0,0,1,0,0,0,0,2,0,0,2,0,0,0.5,0,0
"869","fe0",5,1,1,0,0,1,0,1,0,0,0,5,2,2,2,2,2,0,0.166666666666667,0.166666666666667
"870","fe1",5,1,0,0,0,0,4,0,1,1,0,10,2,0,6,2,0,0.2625,0.25,0
"871","fe2",5,4,0,0,0,0,3,0,0,0,0,8,4,0,7,4,0,0.3125,0,0
"872","fe3",4,4,2,0,0,0,0,0,3,0,1,7,5,3,6,4,3,0.166666666666667,0.1,0.1
"873","fe4",3,3,0,0,0,0,0,0,0,0,0,3,3,0,3,3,0,0,0,0
"874","fe5",34,0,0,8,0,0,4,2,2,2,0,40,12,0,11,6,0,0.150326797385621,0.666666666666667,0
"875","fe7",2,1,1,0,0,0,1,0,0,0,1,3,1,2,3,1,2,0.1,0,0.2
"876","fe9",0,0,0,0,0,0,0,0,0,0,0,0,0,0,0,0,0,NA,NA,NA
"877","ff0",2,4,1,2,0,0,1,2,0,0,1,3,8,2,3,8,2,0.05,0.35,0.1
"878","ff1",27,15,0,0,1,0,0,0,0,1,0,28,16,0,21,8,0,0.0666666666666667,0.0666666666666667,0
"879","ff2",67,17,4,5,3,0,8,0,10,7,0,88,29,4,46,25,4,0.12034632034632,0.219047619047619,0
"880","ff3",12,4,0,0,0,0,0,0,1,0,0,13,4,0,5,4,0,0.142857142857143,0,0
"881","ff4",37,13,0,0,2,0,7,0,4,1,0,50,14,0,38,11,0,0.220138888888889,0.0138888888888889,0
"882","ff6",1,4,0,0,0,0,0,0,0,0,0,1,4,0,1,3,0,0,0,0
"883","fg0",2,1,0,0,0,0,0,0,0,0,0,2,1,0,2,1,0,0,0,0
"884","fg2",9,0,0,0,0,0,7,0,2,0,0,18,0,0,12,0,0,0.592857142857143,0,0
"885","fg7",0,0,0,0,0,0,0,0,3,0,0,3,0,0,1,0,0,1,0,0
"886","fg8",14,35,0,8,0,0,10,0,0,2,0,24,45,0,22,25,0,0.221014492753623,0.181159420289855,0
"887","fg9",7,8,0,2,0,0,4,3,0,5,0,11,18,0,9,15,0,0.147058823529412,0.308823529411765,0
"888","fh1",2,12,1,0,2,0,0,0,0,0,0,4,12,1,4,11,1,0.142857142857143,0,0
"889","fh2",15,3,0,1,0,0,0,0,3,0,0,18,4,0,14,4,0,0.0555555555555556,0.0833333333333333,0
"890","fh4",13,3,0,0,0,0,2,0,2,1,0,17,4,0,7,4,0,0.375,0.25,0
"891","fh5",4,7,0,0,1,0,2,0,4,1,0,11,8,0,9,7,0,0.388888888888889,0.0416666666666667,0
"892","fh7",4,0,0,0,2,0,0,0,2,4,0,8,4,0,6,4,0,0.4,0.4,0
"893","fh9",9,4,0,0,0,0,4,0,0,1,0,13,5,0,9,4,0,0.125,0.0625,0
"894","fi1",21,6,3,0,0,0,2,0,0,0,3,23,7,6,19,5,6,0.0277777777777778,0.0555555555555556,0.111111111111111
"895","fi4",8,2,3,6,0,0,0,0,0,1,0,8,9,3,4,5,3,0,0.333333333333333,0
"896","fi5",7,3,2,0,0,0,6,0,9,3,2,22,6,4,19,6,4,0.486111111111111,0.125,0.0833333333333333
"897","fi6",0,1,0,0,0,0,0,0,0,0,0,0,1,0,0,1,0,0,0,0
"898","fj0",8,14,3,0,0,0,1,0,2,1,1,11,15,4,8,9,4,0.116666666666667,0.0666666666666667,0.0666666666666667
"899","fj2",13,14,0,0,1,0,2,2,2,12,0,20,28,0,16,16,0,0.203703703703704,0.283950617283951,0
"900","fj4",12,11,2,0,0,0,0,0,0,2,1,12,13,3,5,9,3,0,0.136363636363636,0.0454545454545455
"901","fj7",0,2,0,2,2,0,0,1,1,0,0,3,5,0,3,5,0,0.5,0.277777777777778,0
"902","fj8",3,3,0,0,0,0,1,0,1,1,2,5,4,2,3,4,2,0.125,0.125,0.25
"903","fj9",1,1,0,0,1,0,0,0,1,0,0,3,1,0,3,1,0,0.5,0,0
"904","fk0",1,1,0,6,0,0,0,0,0,0,0,1,7,0,1,4,0,0,0.833333333333333,0
"905","fk1",0,0,0,0,0,0,0,0,0,0,0,0,0,0,0,0,0,NA,NA,NA
"906","fk2",0,2,0,1,0,0,0,1,0,0,0,0,4,0,0,3,0,0,0.666666666666667,0
"907","fk3",17,7,0,0,0,0,5,3,3,2,4,25,12,4,22,11,4,0.280555555555556,0.333333333333333,0.333333333333333
"908","fk5",3,1,0,0,0,0,2,0,0,1,0,5,2,0,4,2,0,0.133333333333333,0.2,0
"909","fk7",3,1,0,0,0,0,1,0,2,0,0,6,1,0,5,1,0,0.333333333333333,0,0
"910","fk8",20,17,0,0,0,0,1,0,0,0,0,21,17,0,8,12,0,0.0909090909090909,0,0
"911","fk9",8,0,0,0,0,0,0,0,0,0,0,8,0,0,6,0,0,0,0,0
"912","fl0",1,2,0,0,0,0,1,0,1,2,0,3,4,0,3,3,0,0.222222222222222,0.444444444444444,0
"913","fl4",0,1,0,0,0,0,0,0,0,1,0,0,2,0,0,2,0,0,0.5,0
"914","fl5",2,13,0,2,0,0,1,1,0,1,0,3,17,0,3,17,0,0.0588235294117647,0.147058823529412,0
"915","fl6",3,4,0,0,0,0,4,0,0,0,0,7,4,0,6,4,0,0.444444444444444,0,0
"916","fm1",4,3,1,0,0,0,0,0,2,0,1,6,3,2,5,3,2,0.285714285714286,0,0.142857142857143
"917","fm2",2,11,0,0,0,0,1,1,0,1,0,3,13,0,3,9,0,0.0833333333333333,0.166666666666667,0
"918","fm3",0,0,0,0,0,0,0,0,0,0,0,0,0,0,0,0,0,NA,NA,NA
"919","fm4",1,2,0,1,0,0,2,0,1,0,0,4,3,0,4,3,0,0.6,0.2,0
"920","fm5",2,8,0,5,1,0,2,1,1,0,0,6,14,0,6,11,0,0.388888888888889,0.261111111111111,0
"921","fm6",0,0,0,0,0,0,0,0,0,0,0,0,0,0,0,0,0,NA,NA,NA
"922","fm9",3,3,0,0,0,0,5,0,1,0,0,9,3,0,9,3,0,0.55,0,0
"923","fn0",0,0,0,4,0,0,0,0,0,1,0,0,5,0,0,3,0,0,1,0
"924","fn1",0,0,0,1,0,0,0,0,0,0,0,0,1,0,0,1,0,0,1,0
"925","fn2",0,0,0,0,0,0,0,0,0,0,0,0,0,0,0,0,0,NA,NA,NA
"926","fn5",5,1,0,0,1,0,3,0,0,0,0,9,1,0,7,1,0,0.19047619047619,0,0
"927","fn8",6,4,3,0,0,0,1,1,1,2,0,8,7,3,8,7,2,0.0769230769230769,0.192307692307692,0
"928","fo0",3,14,1,4,0,0,1,0,2,0,0,6,18,1,6,13,1,0.272727272727273,0.1,0
"929","fo1",0,7,0,1,0,0,0,0,0,0,0,0,8,0,0,5,0,0,0.2,0
"930","fo2",3,1,0,0,0,0,0,0,0,1,0,3,2,0,3,2,0,0,0.25,0
"931","fo3",3,0,0,1,0,0,0,0,0,0,0,3,1,0,1,1,0,0,0.5,0
"932","fo4",29,12,0,0,1,0,11,1,4,5,1,45,18,1,27,13,1,0.253086419753086,0.203703703703704,0.0555555555555556
"933","fo5",4,1,1,2,0,0,6,0,0,0,0,10,3,1,8,3,1,0.416666666666667,0.25,0
"934","fo7",2,3,0,1,0,0,0,0,0,0,0,2,4,0,2,2,0,0,0.333333333333333,0
"935","fo8",4,0,0,0,0,0,3,0,1,0,0,8,0,0,6,0,0,0.4,0,0
"936","fp1",0,0,0,0,0,0,0,0,1,0,0,1,0,0,1,0,0,1,0,0
"937","fp2",0,6,0,0,0,0,0,0,0,0,0,0,6,0,0,3,0,0,0,0
"938","fp4",0,2,0,0,0,0,0,0,2,1,0,2,3,0,2,3,0,0.4,0.2,0
"939","fp5",7,2,0,3,0,0,2,0,1,0,0,10,5,0,9,5,0,0.194444444444444,0.25,0
"940","fp6",19,2,0,1,2,0,21,0,5,0,0,47,3,0,19,3,0,0.59656862745098,0.0833333333333333,0
"941","fp7",0,0,0,0,0,0,0,0,0,0,0,0,0,0,0,0,0,NA,NA,NA
"942","fp9",10,5,1,3,0,0,3,2,0,6,0,13,16,1,10,16,1,0.0864661654135338,0.5,0
"943","fq0",1,0,0,0,0,0,0,0,0,1,0,1,1,0,1,1,0,0,0.5,0
"944","fq1",30,22,3,0,0,0,13,0,0,0,0,43,22,3,20,7,3,0.169230769230769,0,0
"945","fq5",0,0,0,0,0,0,0,0,1,0,0,1,0,0,1,0,0,1,0,0
"946","fq6",0,2,0,0,0,0,0,0,0,0,0,0,2,0,0,2,0,0,0,0
"947","fq8",0,0,0,1,0,0,0,0,0,0,0,0,1,0,0,1,0,0,1,0
"948","fr0",9,2,0,0,0,0,4,0,0,1,0,13,3,0,12,3,0,0.277777777777778,0.111111111111111,0
"949","fr1",35,6,1,2,0,0,4,0,0,0,0,39,8,1,23,5,1,0.0964285714285714,0.125,0
"950","fr2",3,1,0,1,0,0,0,0,0,0,0,3,2,0,3,2,0,0,0.2,0
"951","fr4",2,0,0,0,1,0,0,0,0,0,0,3,0,0,3,0,0,0.333333333333333,0,0
"952","fr5",0,4,0,2,0,0,6,0,4,0,1,10,6,1,6,5,1,0.571428571428571,0.0714285714285714,0.142857142857143
"953","fr6",0,1,0,0,0,0,0,0,0,0,0,0,1,0,0,1,0,0,0,0
"954","fr9",1,7,0,0,0,0,1,0,0,0,0,2,7,0,2,7,0,0.0714285714285714,0,0
"955","fs0",0,0,0,0,0,0,1,0,0,2,0,1,2,0,1,2,0,0.5,1,0
"956","fs1",0,0,0,0,0,0,0,1,1,0,0,1,1,0,1,1,0,0.5,0.5,0
"957","fs3",4,0,0,0,0,0,0,0,0,0,0,4,0,0,3,0,0,0,0,0
"958","fs4",6,3,1,0,0,0,1,0,0,0,0,7,3,1,7,3,1,0.142857142857143,0,0
"959","fs5",0,0,0,0,0,0,0,0,0,0,0,0,0,0,0,0,0,NA,NA,NA
"960","fs6",2,2,0,0,0,0,0,0,0,1,0,2,3,0,1,3,0,0,0.25,0
"961","fs9",6,2,0,0,0,0,1,1,1,0,0,8,3,0,8,3,0,0.178571428571429,0.0714285714285714,0
"962","ft0",0,1,0,0,0,0,0,0,0,0,0,0,1,0,0,1,0,0,0,0
"963","ft2",5,18,0,1,0,0,2,0,1,2,0,8,21,0,8,16,0,0.176470588235294,0.176470588235294,0
"964","ft6",0,0,0,0,0,0,0,0,0,0,0,0,0,0,0,0,0,NA,NA,NA
"965","ft8",0,5,0,2,0,0,2,0,0,1,0,2,8,0,2,7,0,0.222222222222222,0.333333333333333,0
"966","ft9",15,1,2,0,2,0,1,1,0,0,0,18,2,2,12,2,2,0.25,0.0833333333333333,0
"967","fu0",2,0,1,0,0,0,12,0,1,0,0,15,0,1,9,0,1,0.816326530612245,0,0
"968","fu1",6,4,1,3,0,0,1,0,0,4,0,7,11,1,6,10,1,0.0714285714285714,0.380952380952381,0
"969","fu2",5,6,0,4,0,0,4,0,3,0,0,12,10,0,11,5,0,0.4125,0.160714285714286,0
"970","fu3",4,3,1,0,0,0,1,0,4,1,2,9,4,3,9,4,3,0.272727272727273,0.0909090909090909,0.181818181818182
"971","fu4",1,0,2,0,0,0,0,0,1,0,2,2,0,4,2,0,4,0.166666666666667,0,0.333333333333333
"972","fu5",2,12,1,0,0,0,0,0,1,0,0,3,12,1,3,7,1,0.125,0,0
"973","fu6",28,16,3,0,0,0,3,0,1,4,3,32,20,6,20,9,6,0.110119047619048,0.125,0.0833333333333333
"974","fu7",0,5,0,2,0,0,1,0,0,2,0,1,9,0,1,7,0,0.142857142857143,0.357142857142857,0
"975","fu8",3,2,0,0,0,0,1,0,0,0,0,4,2,0,4,2,0,0.111111111111111,0,0
"976","fv1",7,7,0,1,0,0,0,0,3,0,2,10,8,2,6,6,2,0.163265306122449,0.142857142857143,0.285714285714286
"977","fv4",6,7,1,0,1,0,6,1,2,0,0,15,8,1,13,7,1,0.466666666666667,0.0666666666666667,0
"978","fv6",12,12,0,3,2,0,5,4,2,2,0,21,21,0,16,12,0,0.441666666666667,0.33,0
"979","fv7",14,0,5,0,0,0,10,1,1,2,0,25,3,5,21,3,5,0.282608695652174,0.130434782608696,0
"980","fv8",0,0,0,0,0,0,0,0,0,0,0,0,0,0,0,0,0,NA,NA,NA
"981","fv9",0,1,0,0,0,0,0,0,0,0,0,0,1,0,0,1,0,0,0,0
"982","fw1",18,4,1,0,1,0,6,4,9,0,1,34,8,2,25,7,2,0.285,0.175,0.05
"983","fw3",0,0,0,0,0,0,0,0,0,0,0,0,0,0,0,0,0,NA,NA,NA
"984","fw4",1,0,0,0,0,0,0,0,0,0,0,1,0,0,1,0,0,0,0,0
"985","fw5",0,0,0,0,0,0,0,0,0,0,0,0,0,0,0,0,0,NA,NA,NA
"986","fw7",7,1,1,1,0,0,0,0,0,0,0,7,2,1,5,2,1,0,0.166666666666667,0
"987","fw9",13,10,3,9,0,0,0,2,0,1,1,13,22,4,12,15,4,0,0.269444444444444,0.0555555555555556
"988","fx2",5,0,0,0,0,0,1,0,0,0,0,6,0,0,6,0,0,0.166666666666667,0,0
"989","fx4",18,19,0,0,0,0,11,3,0,3,0,29,25,0,16,19,0,0.162698412698413,0.261904761904762,0
"990","fx7",3,8,0,0,1,0,0,0,0,0,0,4,8,0,4,7,0,0.05,0,0
"991","fx8",5,4,0,1,0,0,1,0,0,1,0,6,6,0,3,5,0,0.333333333333333,0.416666666666667,0
"992","fx9",20,0,0,0,3,0,2,0,0,0,1,25,0,1,13,0,1,0.127777777777778,0,0.111111111111111
"993","fy0",4,0,0,1,1,0,0,0,1,0,1,6,1,1,5,1,1,0.222222222222222,0.166666666666667,0.166666666666667
"994","fy1",3,7,0,3,0,0,0,0,0,0,0,3,10,0,1,9,0,0,0.277777777777778,0
"995","fy2",2,0,0,0,0,0,0,0,1,0,0,3,0,0,3,0,0,0.333333333333333,0,0
"996","fy3",6,8,2,4,0,0,2,0,0,0,0,8,12,2,5,8,1,0.2,0.08,0
"997","fy5",32,2,4,0,0,0,3,0,0,1,0,35,3,4,15,3,4,0.0604395604395604,0.0769230769230769,0
"998","fy6",5,1,0,0,0,0,1,0,0,0,0,6,1,0,6,1,0,0.166666666666667,0,0
"999","fy8",2,4,0,5,0,0,0,1,0,0,0,2,10,0,2,6,0,0,0.3,0
"1000","fz0",0,0,0,0,0,0,0,0,0,0,0,0,0,0,0,0,0,NA,NA,NA
"1001","fz1",1,2,0,0,0,0,0,0,1,0,1,2,2,1,2,2,1,0.2,0,0.2
"1002","fz2",1,1,0,2,0,0,0,0,0,1,0,1,4,0,1,4,0,0,0.833333333333333,0
"1003","fz3",0,1,0,0,0,0,0,0,0,0,0,0,1,0,0,1,0,0,0,0
"1004","fz5",7,8,0,0,0,0,0,0,3,2,0,10,10,0,8,6,0,0.197916666666667,0.145833333333333,0
"1005","fz7",0,0,0,0,0,0,0,0,0,0,0,0,0,0,0,0,0,NA,NA,NA
"1006","fz8",0,0,0,0,0,0,0,0,0,0,0,0,0,0,0,0,0,NA,NA,NA
"1007","fz9",6,2,2,2,0,0,2,0,1,3,0,9,7,2,8,7,2,0.208333333333333,0.333333333333333,0
"1008","ga1",6,5,1,0,0,0,0,0,2,1,1,8,6,2,8,6,2,0.181818181818182,0.0909090909090909,0.0909090909090909
"1009","ga3",9,12,4,3,0,0,0,0,1,0,0,10,15,4,7,14,3,0.0625,0.145833333333333,0
"1010","ga5",5,4,0,0,0,0,2,1,2,0,0,9,5,0,9,5,0,0.354166666666667,0.125,0
"1011","ga6",5,3,0,0,0,0,2,0,1,0,0,8,3,0,5,3,0,0.433333333333333,0,0
"1012","ga9",1,2,0,0,0,0,1,0,0,0,0,3,2,0,3,2,0,0.4,0,0
"1013","gb0",5,1,1,0,0,0,1,0,3,1,0,9,2,1,7,2,1,0.16,0.2,0
"1014","gb1",3,2,1,1,0,0,0,0,0,0,0,3,3,1,3,3,1,0,0.142857142857143,0
"1015","gb3",2,2,0,1,0,0,2,0,0,1,0,4,4,0,4,4,0,0.25,0.375,0
"1016","gb4",47,22,0,0,0,0,5,9,2,1,0,55,32,0,24,15,0,0.23838141025641,0.127604166666667,0
"1017","gb6",6,5,0,0,0,0,3,0,1,0,0,10,5,0,10,4,0,0.3,0,0
"1018","gb7",7,5,0,0,0,0,1,1,5,2,0,15,8,0,11,8,0,0.407407407407407,0.222222222222222,0
"1019","gb9",0,1,0,0,0,0,0,0,0,0,0,0,1,0,0,1,0,0,0,0
"1020","gc0",7,13,2,6,0,0,2,0,0,1,0,9,20,2,7,14,1,0.153846153846154,0.179487179487179,0
"1021","gc2",2,9,0,0,0,0,0,5,0,0,0,2,14,0,2,13,0,0,0.375,0
"1022","gc3",4,16,0,1,0,0,3,0,2,6,0,9,23,0,8,16,0,0.125,0.30952380952381,0
"1023","gc5",7,10,1,1,3,0,1,0,1,1,2,12,12,3,10,10,2,0.5,0.0555555555555556,0.0740740740740741
"1024","gc7",8,8,0,1,1,0,1,1,0,0,0,10,10,0,7,6,0,0.0666666666666667,0.24,0
"1025","gd1",1,2,0,2,1,0,0,0,0,2,0,2,6,0,2,6,0,0.125,0.5,0
"1026","gd7",7,7,0,1,0,0,1,1,1,0,0,9,9,0,6,8,0,0.0625,0.25,0
"1027","gd8",9,6,5,0,0,0,3,0,1,2,0,13,8,5,9,7,3,0.11,0.1,0
"1028","ge1",1,1,1,0,0,0,0,0,0,0,0,1,1,1,1,1,1,0,0,0
"1029","ge3",2,0,0,0,0,0,0,0,0,0,0,2,0,0,2,0,0,0,0,0
"1030","ge5",1,2,0,0,0,0,2,0,0,0,2,3,2,2,2,2,2,0.166666666666667,0,0.333333333333333
"1031","ge6",7,0,0,0,0,0,0,0,1,1,0,8,1,0,7,1,0,0.125,0.25,0
"1032","ge7",1,5,0,0,0,0,1,2,0,1,0,2,8,0,2,5,0,0.166666666666667,0.25,0
"1033","ge8",0,0,0,0,0,0,0,0,0,0,0,0,0,0,0,0,0,NA,NA,NA
"1034","ge9",1,1,0,0,0,0,0,1,1,0,0,2,2,0,2,2,0,0.25,0.25,0
"1035","gf0",3,5,0,0,0,0,0,0,0,1,0,3,6,0,3,6,0,0,0.125,0
"1036","gf2",1,0,0,0,0,0,0,0,0,0,0,1,0,0,1,0,0,0,0,0
"1037","gf5",5,1,0,0,0,0,1,0,1,0,0,7,1,0,7,1,0,0.285714285714286,0,0
"1038","gf6",3,0,0,0,0,0,0,0,0,0,0,3,0,0,2,0,0,0,0,0
"1039","gf7",3,8,0,0,0,0,1,1,0,0,0,4,9,0,3,8,0,0.1,0.1,0
"1040","gf9",2,1,0,0,0,0,0,1,0,0,0,2,2,0,2,2,0,0,0.5,0
"1041","gg0",1,0,0,0,0,0,0,1,0,0,0,1,1,0,1,1,0,0,0.5,0
"1042","gg1",1,1,3,0,2,0,1,0,0,0,0,4,1,3,4,1,3,0.625,0,0
"1043","gg2",2,3,2,1,1,0,0,0,1,1,1,4,5,3,4,5,3,0.222222222222222,0.222222222222222,0.111111111111111
"1044","gg4",1,0,1,2,0,0,2,0,0,0,0,3,2,1,3,1,1,0.5,0.25,0
"1045","gg5",6,0,0,0,1,0,6,0,1,0,0,14,0,0,12,0,0,0.62,0,0
"1046","gg6",1,3,0,0,0,0,0,0,0,0,0,1,3,0,1,2,0,0,0,0
"1047","gg7",4,2,0,0,0,0,0,0,0,0,0,4,2,0,3,2,0,0,0,0
"1048","gh0",2,0,0,0,0,0,0,0,0,0,0,2,0,0,2,0,0,0,0,0
"1049","gh1",2,0,0,0,1,0,1,0,1,0,0,5,0,0,5,0,0,0.5,0,0
"1050","gh3",2,1,0,0,0,0,0,0,0,0,0,2,1,0,1,1,0,0,0,0
"1051","gh4",6,4,0,0,0,0,0,0,1,0,0,7,4,0,3,4,0,0.0476190476190476,0,0
"1052","gh6",1,0,0,0,2,0,1,0,0,0,0,4,0,0,4,0,0,0.75,0,0
"1053","gh8",1,3,1,0,0,0,2,2,0,0,0,3,5,1,3,5,1,0.285714285714286,0.142857142857143,0
"1054","gh9",11,0,0,0,1,0,5,0,1,0,0,18,0,0,11,0,0,0.611111111111111,0,0
"1055","gi1",18,7,0,0,1,0,3,0,3,1,0,25,8,0,15,7,0,0.263888888888889,0.0416666666666667,0
"1056","gi2",3,0,0,0,0,0,0,0,0,0,0,3,0,0,2,0,0,0,0,0
"1057","gi4",12,6,2,6,0,0,0,0,0,0,0,12,12,2,10,6,2,0,0.1875,0
"1058","gi7",0,0,0,0,0,0,0,0,0,0,0,0,0,0,0,0,0,NA,NA,NA
"1059","gj0",2,0,0,0,0,0,0,0,0,0,0,2,0,0,2,0,0,0,0,0
"1060","gj1",0,0,0,0,0,0,0,0,0,0,0,0,0,0,0,0,0,NA,NA,NA
"1061","gj2",5,3,0,2,0,0,7,0,0,1,0,12,6,0,10,6,0,0.416666666666667,0.2,0
"1062","gj4",2,2,0,0,0,0,0,0,0,0,0,2,2,0,2,2,0,0,0,0
"1063","gj5",3,3,0,2,1,0,1,1,3,2,0,8,8,0,8,8,0,0.5,0.444444444444444,0
"1064","gj8",2,0,0,0,0,0,0,0,0,0,0,2,0,0,2,0,0,0,0,0
"1065","gk0",9,8,1,0,0,0,0,0,0,2,0,9,10,1,7,6,1,0,0.166666666666667,0
"1066","gk3",29,3,0,4,3,0,4,0,1,0,0,37,7,0,28,5,0,0.216666666666667,0.153846153846154,0
"1067","gk4",1,19,2,1,0,0,7,0,0,0,0,8,20,2,8,11,2,0.4375,0.0625,0
"1068","gk5",3,9,0,8,0,0,0,0,3,1,0,6,18,0,6,13,0,0.214285714285714,0.30952380952381,0
"1069","gk7",0,0,0,1,0,0,0,0,0,0,0,0,1,0,0,1,0,0,1,0
"1070","gk8",4,0,0,0,0,0,0,0,0,0,0,4,0,0,4,0,0,0,0,0
"1071","gl1",3,4,0,0,0,0,0,2,0,0,0,3,6,0,1,3,0,0,0.166666666666667,0
"1072","gl2",26,7,2,0,0,2,4,1,1,1,0,31,9,4,21,8,4,0.0462962962962963,0.133333333333333,0.133333333333333
"1073","gl4",5,2,0,1,0,0,1,0,0,0,0,6,3,0,4,3,0,0.25,0.25,0
"1074","gl6",23,13,1,6,2,0,19,0,0,1,0,44,20,1,24,16,1,0.201923076923077,0.25,0
"1075","gl7",1,1,0,0,0,0,0,0,0,0,0,1,1,0,1,1,0,0,0,0
"1076","gl9",14,7,0,0,0,0,1,0,0,0,3,15,7,3,11,5,3,0.037037037037037,0,0.333333333333333
"1077","gm1",18,6,0,0,0,0,1,0,1,0,0,20,6,0,12,6,0,0.123456790123457,0,0
"1078","gm4",1,0,0,1,0,0,0,0,0,0,0,1,1,0,1,1,0,0,1,0
"1079","gm5",6,0,0,0,0,0,0,0,5,0,0,11,0,0,7,0,0,0.5,0,0
"1080","gm7",2,4,0,0,0,0,2,0,0,0,0,4,4,0,4,4,0,0.285714285714286,0,0
"1081","gm8",0,0,0,0,0,0,0,0,0,0,0,0,0,0,0,0,0,NA,NA,NA
"1082","gn0",14,1,0,0,0,0,0,0,6,2,0,20,3,0,6,3,0,0.2,0.666666666666667,0
"1083","gn5",0,3,0,0,0,1,0,0,1,0,0,1,3,1,1,3,1,0.2,0,0.2
"1084","go0",2,8,0,0,0,0,1,0,0,2,0,3,10,0,3,10,0,0.0909090909090909,0.136363636363636,0
"1085","go2",0,1,0,1,0,0,0,0,0,0,0,0,2,0,0,2,0,0,0.5,0
"1086","go3",0,4,1,1,0,0,0,0,0,0,0,0,5,1,0,2,1,0,0.2,0
"1087","go4",15,10,1,0,0,0,3,7,3,1,0,21,18,1,13,13,1,0.323529411764706,0.105882352941176,0
"1088","go7",0,1,0,0,0,0,0,0,0,0,0,0,1,0,0,1,0,0,0,0
"1089","go8",13,5,0,0,0,0,0,0,0,1,0,13,6,0,9,4,0,0,0.111111111111111,0
"1090","go9",1,1,0,3,0,0,1,2,0,0,0,2,6,0,2,6,0,0.125,0.625,0
"1091","gp0",0,0,0,0,0,0,0,0,0,0,0,0,0,0,0,0,0,NA,NA,NA
"1092","gp1",1,1,1,0,0,0,0,0,0,0,0,1,1,1,1,1,1,0,0,0
"1093","gp2",16,5,0,1,1,0,7,2,1,4,0,25,12,0,16,8,0,0.318055555555556,0.233333333333333,0
"1094","gp3",6,1,0,0,0,0,0,0,0,0,0,6,1,0,6,1,0,0,0,0
"1095","gp4",2,6,2,6,1,0,5,2,0,0,0,8,14,2,7,9,2,0.9,0.286666666666667,0
"1096","gp6",0,2,0,0,0,0,0,0,0,0,0,0,2,0,0,2,0,0,0,0
"1097","gp7",0,6,0,0,0,0,0,4,0,0,0,0,10,0,0,5,0,0,0.222222222222222,0
"1098","gp8",2,0,0,0,0,0,2,0,0,0,0,4,0,0,3,0,0,0.666666666666667,0,0
"1099","gp9",0,0,0,0,0,0,0,0,0,0,0,0,0,0,0,0,0,NA,NA,NA
"1100","gq0",3,0,0,0,0,0,2,0,1,0,0,6,0,0,4,0,0,0.5,0,0
"1101","gq1",10,2,0,0,0,0,5,0,1,0,0,16,2,0,16,2,0,0.240740740740741,0,0
"1102","gq2",0,0,0,0,0,0,0,0,0,0,0,0,0,0,0,0,0,NA,NA,NA
"1103","gq4",7,2,0,0,0,0,0,0,0,0,0,7,2,0,6,2,0,0,0,0
"1104","gq8",0,4,0,0,0,0,0,0,0,0,0,0,4,0,0,3,0,0,0,0
"1105","gr0",1,0,0,0,1,0,0,0,0,0,0,2,0,0,2,0,0,0.5,0,0
"1106","gr4",1,1,0,0,0,0,1,0,0,0,0,2,1,0,2,1,0,0.333333333333333,0,0
"1107","gr8",4,5,0,1,0,0,0,0,0,0,0,4,6,0,4,4,0,0,0.2,0
"1108","gr9",3,4,0,0,0,0,0,1,0,0,0,3,5,0,1,4,0,0,0.166666666666667,0
"1109","gs0",1,0,0,3,0,0,0,1,0,1,0,1,5,0,1,4,0,0,0.75,0
"1110","gs2",1,0,0,0,0,0,1,0,0,0,0,2,0,0,2,0,0,0.5,0,0
"1111","gs3",0,7,2,1,0,0,0,0,0,0,0,0,8,2,0,5,2,0,0.166666666666667,0
"1112","gs5",5,15,1,1,0,0,0,2,1,2,0,6,20,1,4,15,1,0.0769230769230769,0.275641025641026,0
"1113","gs6",3,5,0,0,0,0,3,1,0,1,0,6,7,0,5,5,0,0.291666666666667,0.375,0
"1114","gs8",4,3,0,1,2,0,2,1,0,0,0,8,5,0,8,4,0,0.428571428571429,0.19047619047619,0
"1115","gs9",3,4,0,1,0,0,0,0,0,0,0,3,5,0,1,4,0,0,0.25,0
"1116","gt0",0,0,3,0,0,0,1,0,0,0,0,1,0,3,1,0,3,0.333333333333333,0,0
"1117","gt1",17,3,0,0,1,0,3,0,1,0,0,22,3,0,15,3,0,0.333333333333333,0,0
"1118","gt3",1,0,1,0,1,0,0,0,0,0,0,2,0,1,2,0,1,0.333333333333333,0,0
"1119","gt4",5,6,1,0,0,1,0,0,1,1,0,6,7,2,6,7,2,0.0909090909090909,0.0909090909090909,0.0909090909090909
"1120","gt6",5,2,0,0,0,0,1,0,1,0,0,7,2,0,3,1,0,0.285714285714286,0,0
"1121","gt7",0,0,0,0,0,0,0,0,0,0,0,0,0,0,0,0,0,NA,NA,NA
"1122","gt8",4,0,0,0,0,0,3,0,0,0,0,7,0,0,4,0,0,0.6,0,0
"1123","gt9",2,3,0,0,0,0,0,0,0,0,0,2,3,0,2,3,0,0,0,0
"1124","gu0",15,14,0,1,0,0,3,3,1,3,0,19,21,0,15,19,0,0.158730158730159,0.150793650793651,0
"1125","gu1",0,0,1,0,0,2,0,0,0,0,0,0,0,3,0,0,2,0,0,0.666666666666667
"1126","gu2",0,0,1,0,0,0,0,0,0,0,0,0,0,1,0,0,1,0,0,0
"1127","gu3",0,1,0,0,0,0,0,0,2,0,0,2,1,0,1,1,0,0.5,0,0
"1128","gu4",0,1,0,0,0,0,0,0,1,0,0,1,1,0,1,1,0,1,0,0
"1129","gu5",0,3,1,0,0,0,0,0,0,0,0,0,3,1,0,3,1,0,0,0
"1130","gu6",0,0,0,0,0,0,0,0,0,0,0,0,0,0,0,0,0,NA,NA,NA
"1131","gu7",4,1,0,1,2,0,2,0,0,0,0,8,2,0,8,2,0,0.333333333333333,0.166666666666667,0
"1132","gu9",0,0,0,0,0,0,0,0,0,0,0,0,0,0,0,0,0,NA,NA,NA
"1133","gv1",5,5,0,0,0,0,0,0,1,0,0,6,5,0,4,4,0,0.142857142857143,0,0
"1134","gv3",3,6,0,0,0,0,10,0,0,0,0,13,6,0,5,5,0,0.222222222222222,0,0
"1135","gv7",5,6,0,1,0,0,1,0,1,0,0,7,7,0,5,6,0,0.2,0.05,0
"1136","gv8",13,1,0,1,0,0,0,0,0,0,0,13,2,0,5,2,0,0,0.166666666666667,0
"1137","gv9",3,0,1,2,0,0,1,0,1,0,0,5,2,1,4,1,1,0.2,0.2,0
"1138","gw0",3,4,0,0,0,0,2,1,0,0,0,5,5,0,5,5,0,0.222222222222222,0.111111111111111,0
"1139","gw1",7,23,0,1,0,0,3,2,2,1,0,12,27,0,10,19,0,0.25,0.12037037037037,0
"1140","gw2",0,0,0,0,0,0,0,0,0,0,0,0,0,0,0,0,0,NA,NA,NA
"1141","gw3",0,3,0,0,0,0,0,0,0,0,0,0,3,0,0,2,0,0,0,0
"1142","gw4",0,0,1,1,0,0,1,0,0,0,0,1,1,1,1,1,1,0.5,0.5,0
"1143","gw5",9,2,1,0,0,0,0,0,0,0,0,9,2,1,3,2,1,0,0,0
"1144","gw7",2,5,0,0,0,0,1,0,0,1,0,3,6,0,2,5,0,0.0666666666666667,0.1,0
"1145","gw8",0,0,1,0,0,0,0,0,0,0,0,0,0,1,0,0,1,0,0,0
"1146","gx0",10,0,0,0,0,0,1,0,0,0,0,11,0,0,5,0,0,0.2,0,0
"1147","gx1",6,2,0,0,0,0,0,0,0,0,0,6,2,0,4,2,0,0,0,0
"1148","gx2",11,15,0,0,2,0,23,0,2,0,0,38,15,0,20,11,0,0.4,0,0
"1149","gx5",5,9,0,0,0,0,2,0,2,0,0,9,9,0,9,5,0,0.166666666666667,0,0
"1150","gx6",2,0,0,0,0,0,0,0,0,0,0,2,0,0,2,0,0,0,0,0
"1151","gx8",16,8,1,0,0,0,0,0,0,0,0,16,8,1,11,7,1,0,0,0
"1152","gy1",6,40,0,14,1,0,3,0,2,2,0,12,56,0,12,38,0,0.25,0.218073593073593,0
"1153","gy3",0,0,0,0,0,0,0,0,0,0,0,0,0,0,0,0,0,NA,NA,NA
"1154","gy7",17,8,0,0,0,0,4,0,0,2,0,21,10,0,13,10,0,0.148148148148148,0.0740740740740741,0
"1155","gy9",1,2,0,0,0,0,0,0,0,0,0,1,2,0,1,2,0,0,0,0
"1156","gz0",3,0,2,0,0,0,0,0,3,0,0,6,0,2,3,0,1,0.25,0,0
"1157","gz1",2,1,0,0,0,0,0,0,0,0,0,2,1,0,1,1,0,0,0,0
"1158","gz2",5,2,0,2,0,0,0,1,1,3,0,6,8,0,4,8,0,0.0909090909090909,0.454545454545455,0
"1159","gz4",6,7,0,0,0,0,2,0,0,0,0,8,7,0,7,3,0,0.3,0,0
"1160","gz5",4,25,2,2,0,0,5,3,0,0,0,9,30,2,7,21,1,0.155555555555556,0.125,0
"1161","gz7",0,0,0,2,0,0,0,0,1,0,1,1,2,1,1,2,1,0.25,0.5,0.25
"1162","ha0",0,0,0,0,0,0,0,0,0,0,0,0,0,0,0,0,0,NA,NA,NA
"1163","ha1",1,0,1,0,2,0,0,0,0,0,0,3,0,1,3,0,1,0.5,0,0
"1164","ha2",13,8,1,2,1,0,0,4,4,4,0,18,18,1,18,17,1,0.143939393939394,0.409090909090909,0
"1165","ha3",1,1,0,0,0,0,0,0,0,0,0,1,1,0,1,1,0,0,0,0
"1166","ha6",1,6,0,2,0,0,3,0,0,0,0,4,8,0,4,7,0,0.272727272727273,0.181818181818182,0
"1167","ha7",1,1,1,1,0,0,0,0,0,0,0,1,2,1,1,2,1,0,0.25,0
"1168","ha9",4,1,0,0,0,0,1,0,0,2,0,5,3,0,5,3,0,0.0833333333333333,0.333333333333333,0
"1169","hb0",1,3,0,0,0,0,0,0,1,0,0,2,3,0,2,3,0,0.2,0,0
"1170","hb2",7,1,2,0,0,0,5,0,1,0,0,13,1,2,8,1,1,0.316666666666667,0,0
"1171","hb4",5,14,1,1,0,0,3,3,2,2,0,10,20,1,8,13,1,0.161764705882353,0.161764705882353,0
"1172","hb6",5,0,2,2,0,0,1,0,0,0,0,6,2,2,6,2,2,0.1,0.4,0
"1173","hb7",5,2,0,0,0,0,3,1,0,0,0,8,3,0,7,3,0,0.25,0.125,0
"1174","hb8",9,4,0,1,0,0,0,0,3,0,0,12,5,0,9,4,0,0.133333333333333,0.1,0
"1175","hb9",4,3,0,3,0,0,2,0,0,0,0,6,6,0,5,4,0,0.25,0.25,0
"1176","hc0",4,10,0,2,0,0,6,1,0,0,0,10,13,0,8,11,0,0.333333333333333,0.1875,0
"1177","hc1",4,0,0,0,0,0,0,0,1,0,0,5,0,0,4,0,0,0.25,0,0
